OPEN_TIME,OPEN,HIGH,LOW,CLOSE,VOLUME,QUOTE_ASSET_VOLUME,NUMBER_OF_TRADES,TAKER_BUY_BASE_ASSET_VOLUME,TAKER_BUY_QUOTE_ASSET_VOLUME,YEAR_AND_MONTH
1502942400000,4261.48,4280.56,4261.48,4261.48,2.189061,9333.6209622,9,0.489061,2089.1049622,201708
1502942700000,4261.48,4261.48,4261.48,4261.48,0.0,0.0,0,0.0,0.0,201708
1502943000000,4261.48,4261.48,4261.48,4261.48,0.0,0.0,0,0.0,0.0,201708
1502943300000,4261.48,4264.88,4261.48,4261.48,0.484666,2065.44782868,9,0.085455,364.2181364,201708
1502943600000,4264.88,4266.29,4264.88,4266.29,2.32857,9931.16112417,11,1.546491,6595.68803865,201708
1502943900000,4266.29,4270.41,4261.32,4261.45,6.306629,26894.52409332,20,1.815167,7744.02882043,201708
1502944200000,4280.0,4296.63,4267.99,4296.63,7.938133,33930.63395853,23,7.873691,33653.75052807,201708
1502944500000,4300.38,4300.38,4300.38,4300.38,5.626596,24196.50090648,14,5.626596,24196.50090648,201708
1502944800000,4300.38,4310.07,4300.38,4310.07,8.358823,35953.78270318,21,6.92103,29770.72644184,201708
1502945100000,4310.07,4310.07,4292.01,4292.01,2.4481,10533.422367,14,1.4481,6241.412367,201708
1502945400000,4292.01,4313.62,4292.01,4313.6,4.758883,20501.18752102,21,3.198878,13792.44460287,201708
1502945700000,4302.48,4313.62,4291.37,4308.83,6.741548,29025.85692846,29,6.156034,26504.6031391,201708
1502946000000,4308.83,4308.83,4304.31,4304.31,0.482855,2080.05646965,13,0.375855,1619.49529965,201708
1502946300000,4308.83,4328.69,4308.83,4328.69,4.274772,18442.34436822,21,2.857254,12334.50028428,201708
1502946600000,4328.69,4328.69,4304.31,4304.31,0.343526,1484.13227336,10,0.263526,1139.78747336,201708
1502946900000,4320.0,4320.0,4312.14,4320.0,5.451533,23518.41095103,11,5.403973,23312.95222663,201708
1502947200000,4320.0,4320.0,4320.0,4320.0,3.446473,14888.76336,11,3.446473,14888.76336,201708
1502947500000,4319.22,4320.0,4319.22,4320.0,7.049489,30450.58509816,7,7.049489,30450.58509816,201708
1502947800000,4320.0,4320.0,4320.0,4320.0,1.027378,4438.27296,11,1.027378,4438.27296,201708
1502948100000,4320.0,4320.0,4291.37,4291.37,1.128075,4869.42562079,14,0.993308,4291.09056,201708
1502948400000,4291.37,4291.37,4291.37,4291.37,0.0,0.0,0,0.0,0.0,201708
1502948700000,4297.04,4297.04,4297.04,4297.04,0.007884,33.87786336,1,0.007884,33.87786336,201708
1502949000000,4315.32,4315.32,4315.32,4315.32,0.000943,4.06934676,1,0.000943,4.06934676,201708
1502949300000,4315.32,4315.32,4315.32,4315.32,0.021988,94.88525616,2,0.021988,94.88525616,201708
1502949600000,4330.29,4330.29,4330.29,4330.29,0.009339,40.44057831,1,0.009339,40.44057831,201708
1502949900000,4318.39,4318.39,4318.39,4318.39,0.0542,234.056738,1,0.0,0.0,201708
1502950200000,4330.0,4330.0,4330.0,4330.0,0.001825,7.90225,1,0.001825,7.90225,201708
1502950500000,4330.0,4330.0,4330.0,4330.0,0.0,0.0,0,0.0,0.0,201708
1502950800000,4309.37,4330.29,4309.37,4311.58,3.185628,13768.1314364,8,2.236628,9669.2764364,201708
1502951100000,4311.58,4311.58,4311.01,4311.02,0.315285,1359.2303303,3,0.054285,234.0541203,201708
1502951400000,4328.65,4328.65,4319.83,4319.83,1.212901,5245.72115056,8,0.3229,1395.75482476,201708
1502951700000,4324.34,4345.45,4324.34,4345.45,2.281275,9893.03834034,7,2.076864,9009.0956766,201708
1502952000000,4345.45,4345.45,4345.45,4345.45,0.0,0.0,0,0.0,0.0,201708
1502952300000,4345.45,4345.45,4330.12,4330.12,0.09461,411.03726848,4,0.09461,411.03726848,201708
1502952600000,4330.12,4330.12,4330.12,4330.12,0.00641,27.7560692,2,0.00641,27.7560692,201708
1502952900000,4324.35,4324.35,4324.35,4324.35,0.068218,294.9985083,1,0.0,0.0,201708
1502953200000,4324.35,4324.35,4324.35,4324.35,0.0,0.0,0,0.0,0.0,201708
1502953500000,4316.62,4316.62,4316.62,4316.62,0.001541,6.65191142,1,0.001541,6.65191142,201708
1502953800000,4316.62,4316.62,4316.62,4316.62,0.0,0.0,0,0.0,0.0,201708
1502954100000,4316.62,4316.62,4316.62,4316.62,0.0,0.0,0,0.0,0.0,201708
1502954400000,4316.62,4316.62,4316.62,4316.62,0.0,0.0,0,0.0,0.0,201708
1502954700000,4291.38,4291.38,4291.38,4291.38,0.038918,167.01192684,1,0.0,0.0,201708
1502955000000,4291.38,4291.38,4291.38,4291.38,0.0,0.0,0,0.0,0.0,201708
1502955300000,4291.39,4291.39,4291.39,4291.39,0.011431,49.05487909,1,0.0,0.0,201708
1502955600000,4300.0,4300.0,4300.0,4300.0,0.70747,3042.121,3,0.0,0.0,201708
1502955900000,4287.41,4287.41,4287.41,4287.41,0.004263,18.27722883,1,0.0,0.0,201708
1502956200000,4305.38,4330.12,4305.38,4323.34,0.552392,2387.57597956,6,0.39894,1724.3582838,201708
1502956500000,4323.34,4349.99,4323.34,4349.99,3.127234,13570.36537412,12,2.201811,9560.33682012,201708
1502956800000,4333.32,4377.85,4333.32,4333.32,0.659075,2870.04469135,11,0.518075,2258.07064287,201708
1502957100000,4377.85,4377.85,4360.71,4360.71,0.107342,469.49949742,2,0.107342,469.49949742,201708
1502957400000,4360.71,4360.71,4360.71,4360.71,0.0,0.0,0,0.0,0.0,201708
1502957700000,4360.71,4360.71,4360.71,4360.71,0.0,0.0,0,0.0,0.0,201708
1502958000000,4360.71,4360.71,4360.71,4360.71,0.011481,50.06531151,1,0.011481,50.06531151,201708
1502958300000,4360.7,4360.7,4360.7,4360.7,0.064362,280.6633734,4,0.064362,280.6633734,201708
1502958600000,4360.7,4360.7,4360.7,4360.7,0.001024,4.4653568,1,0.001024,4.4653568,201708
1502958900000,4360.0,4360.0,4360.0,4360.0,0.064316,280.41776,3,0.047164,205.63504,201708
1502959200000,4360.69,4360.69,4360.69,4360.69,0.033922,147.92332618,3,0.033922,147.92332618,201708
1502959500000,4360.7,4360.7,4360.7,4360.7,0.008232,35.8972824,1,0.008232,35.8972824,201708
1502959800000,4360.69,4360.69,4360.69,4360.69,0.023053,100.52698657,2,0.023053,100.52698657,201708
1502960100000,4360.69,4360.69,4360.69,4360.69,0.0,0.0,0,0.0,0.0,201708
1502960400000,4360.69,4360.69,4360.69,4360.69,0.0,0.0,0,0.0,0.0,201708
1502960700000,4360.0,4360.0,4360.0,4360.0,0.006296,27.45056,1,0.006296,27.45056,201708
1502961000000,4360.0,4360.0,4360.0,4360.0,0.0,0.0,0,0.0,0.0,201708
1502961300000,4360.0,4360.0,4360.0,4360.0,0.520001,2267.20436,3,0.520001,2267.20436,201708
1502961600000,4360.0,4360.0,4360.0,4360.0,0.860003,3749.61308,3,0.860003,3749.61308,201708
1502961900000,4360.0,4360.0,4360.0,4360.0,0.908701,3961.93636,3,0.908701,3961.93636,201708
1502962200000,4360.0,4445.78,4360.0,4445.78,7.921663,34781.75100503,22,7.41644,32557.77321879,201708
1502962500000,4445.78,4445.78,4445.78,4445.78,0.411197,1828.09139866,2,0.411197,1828.09139866,201708
1502962800000,4445.0,4445.0,4436.51,4436.51,0.07794,346.348212,2,0.07794,346.348212,201708
1502963100000,4444.0,4444.0,4444.0,4444.0,0.041681,185.230364,4,0.041681,185.230364,201708
1502963400000,4444.0,4444.0,4444.0,4444.0,0.008156,36.245264,1,0.008156,36.245264,201708
1502963700000,4444.0,4444.0,4444.0,4444.0,0.007985,35.48534,2,0.007985,35.48534,201708
1502964000000,4441.1,4441.1,4436.51,4436.51,1.074879,4772.33753688,3,0.0,0.0,201708
1502964300000,4427.13,4427.13,4400.0,4400.0,1.454219,6404.76720943,5,1.134218,4990.5592,201708
1502964600000,4400.0,4400.0,4399.81,4400.0,2.130582,9374.56051082,5,2.130582,9374.56051082,201708
1502964900000,4400.0,4400.0,4400.0,4400.0,0.353101,1553.6444,2,0.296721,1305.5724,201708
1502965200000,4443.0,4443.0,4420.0,4440.0,0.26155,1160.90357,6,0.26155,1160.90357,201708
1502965500000,4440.0,4440.0,4440.0,4440.0,0.0,0.0,0,0.0,0.0,201708
1502965800000,4440.0,4440.0,4440.0,4440.0,0.0,0.0,0,0.0,0.0,201708
1502966100000,4400.0,4419.0,4400.0,4419.0,1.990004,8788.127676,6,1.690004,7468.127676,201708
1502966400000,4415.0,4415.0,4415.0,4415.0,0.088231,389.539865,2,0.088231,389.539865,201708
1502966700000,4419.0,4460.0,4419.0,4460.0,11.91064,52861.12035724,19,10.969294,48665.3153122,201708
1502967000000,4460.0,4470.0,4450.65,4460.0,4.683234,20887.17072255,25,4.209134,18772.83738,201708
1502967300000,4460.0,4460.0,4460.0,4460.0,0.918959,4098.55714,9,0.918959,4098.55714,201708
1502967600000,4460.0,4474.8,4459.18,4474.8,10.125445,45224.0702696,18,9.89893,44212.1628796,201708
1502967900000,4454.72,4454.72,4454.72,4454.72,0.008788,39.14807936,1,0.008788,39.14807936,201708
1502968200000,4461.07,4474.8,4461.07,4474.8,5.950311,26606.73053234,5,5.950311,26606.73053234,201708
1502968500000,4474.8,4474.8,4465.32,4474.8,5.865965,26244.63426948,16,5.403316,24178.7584368,201708
1502968800000,4474.8,4474.8,4474.8,4474.8,2.20131,9850.421988,8,2.20131,9850.421988,201708
1502969100000,4474.8,4485.39,4465.06,4485.39,0.77751,3485.48115322,9,0.622842,2793.68927838,201708
1502969400000,4485.39,4485.39,4485.39,4485.39,0.048343,216.83720877,2,0.048343,216.83720877,201708
1502969700000,4459.96,4469.93,4459.96,4469.93,0.532753,2378.79635729,8,0.532753,2378.79635729,201708
1502970000000,4469.93,4469.93,4469.93,4469.93,0.001986,8.87728098,1,0.001986,8.87728098,201708
1502970300000,4469.93,4469.93,4459.46,4468.93,0.505974,2259.17710782,11,0.505974,2259.17710782,201708
1502970600000,4449.56,4449.56,4434.86,4434.86,0.749444,3324.97696324,11,0.611873,2714.86883818,201708
1502970900000,4449.56,4449.56,4427.3,4427.3,0.250224,1112.41802231,5,0.229459,1020.48513781,201708
1502971200000,4436.06,4449.56,4436.06,4449.56,2.387358,10601.17266348,9,1.932764,8578.42938484,201708
1502971500000,4447.66,4448.89,4439.67,4448.89,5.788368,25712.23413032,16,5.479261,24337.4312907,201708
1502971800000,4441.87,4441.87,4441.87,4441.87,2.998432,13318.64514784,25,2.998432,13318.64514784,201708
1502972100000,4441.87,4441.87,4431.68,4431.68,0.429863,1909.14081381,6,0.404863,1798.34881381,201708
1502972400000,4430.95,4430.95,4427.3,4427.3,8.392967,37161.60610855,17,3.413732,15117.03899305,201708
1502972700000,4425.25,4425.25,4418.12,4418.12,1.098559,4858.66552475,4,0.045559,201.60996475,201708
1502973000000,4417.0,4417.0,4417.0,4417.0,0.027508,121.502836,1,0.027508,121.502836,201708
1502973300000,4417.0,4427.3,4417.0,4427.3,0.255205,1127.2910786,8,0.095205,420.5710786,201708
1502973600000,4419.14,4431.13,4411.01,4431.13,0.807164,3574.00155049,7,0.792164,3507.83640049,201708
1502973900000,4430.0,4430.0,4411.0,4411.0,0.699498,3090.9952525,9,0.077498,342.8532525,201708
1502974200000,4420.0,4431.13,4411.0,4411.0,0.147476,651.26347904,6,0.046008,203.56691904,201708
1502974500000,4411.0,4411.0,4411.0,4411.0,0.0,0.0,0,0.0,0.0,201708
1502974800000,4411.0,4430.0,4411.0,4430.0,0.610006,2696.72851513,4,0.330006,1461.64851513,201708
1502975100000,4434.12,4445.88,4434.12,4445.88,0.519609,2307.77131812,4,0.427185,1897.95221124,201708
1502975400000,4440.0,4445.88,4440.0,4445.88,0.129328,574.508115,2,0.129328,574.508115,201708
1502975700000,4430.43,4430.43,4430.43,4430.43,0.013,57.59559,1,0.013,57.59559,201708
1502976000000,4430.43,4440.0,4425.21,4440.0,0.149235,661.35120117,5,0.149235,661.35120117,201708
1502976300000,4425.21,4440.0,4422.6,4440.0,2.29714,10162.33911495,8,2.29714,10162.33911495,201708
1502976600000,4435.12,4440.0,4425.21,4440.0,2.356492,10453.29573671,17,1.794221,7961.0400512,201708
1502976900000,4445.0,4445.0,4440.0,4445.0,3.377128,15009.130965,21,1.765558,7847.90531,201708
1502977200000,4445.0,4445.0,4445.0,4445.0,1.77102,7872.1839,3,1.77102,7872.1839,201708
1502977500000,4432.07,4445.0,4432.07,4445.0,0.143829,638.427735,3,0.143829,638.427735,201708
1502977800000,4425.6,4445.0,4425.6,4445.0,9.072556,40204.80803725,20,7.230093,32038.3008412,201708
1502978100000,4445.0,4459.0,4445.0,4459.0,10.873093,48338.49920692,30,10.513427,46737.223015,201708
1502978400000,4459.0,4460.0,4459.0,4460.0,5.784682,25799.426006,18,5.449001,24302.54446,201708
1502978700000,4460.0,4460.0,4460.0,4460.0,3.275452,14608.51592,15,3.275452,14608.51592,201708
1502979000000,4460.0,4460.0,4435.93,4452.71,8.278331,36819.35936035,19,4.835571,21464.64976035,201708
1502979300000,4452.71,4459.81,4452.71,4459.81,1.248737,5564.69165647,16,1.179445,5256.15447515,201708
1502979600000,4459.81,4469.46,4459.81,4469.35,1.16635,5204.57785257,19,0.607259,2711.10623032,201708
1502979900000,4469.35,4469.46,4437.35,4467.81,1.895257,8461.39781838,17,1.125261,5029.21446778,201708
1502980200000,4467.81,4484.0,4452.57,4484.0,5.367591,23920.43849218,14,5.275806,23510.36055133,201708
1502980500000,4484.0,4485.0,4484.0,4484.0,0.883434,3961.584014,18,0.641054,2874.752094,201708
1502980800000,4484.0,4485.39,4477.53,4477.53,3.604357,16163.511784,40,1.885313,8454.617382,201708
1502981100000,4477.53,4477.53,4477.53,4477.53,1.400448,6270.54793344,16,1.363882,6106.82257146,201708
1502981400000,4477.53,4477.53,4457.43,4477.53,6.973455,31141.47712743,17,5.228592,23329.62583899,201708
1502981700000,4477.53,4477.53,4453.26,4470.82,11.857803,52955.92540113,25,7.940547,35443.75304845,201708
1502982000000,4470.82,4470.82,4453.67,4470.0,6.805658,30356.8320471,10,6.805658,30356.8320471,201708
1502982300000,4470.0,4470.0,4469.0,4469.0,0.638578,2854.13173215,7,0.638578,2854.13173215,201708
1502982600000,4469.0,4469.0,4460.0,4460.0,2.358653,10526.466868,19,1.973272,8807.667608,201708
1502982900000,4460.0,4469.99,4460.0,4469.99,3.526543,15743.48746478,19,2.407827,10752.55899378,201708
1502983200000,4445.0,4470.82,4432.7,4432.7,3.381428,15083.5630849,33,1.284393,5740.3902699,201708
1502983500000,4445.0,4445.0,4412.1,4432.2,5.883979,26064.2836144,73,1.132266,5020.78776565,201708
1502983800000,4432.2,4444.9,4399.64,4421.0,11.619131,51348.40038178,77,6.540517,28900.47305353,201708
1502984100000,4399.64,4399.64,4374.04,4377.54,9.573224,42002.87371029,69,4.030653,17727.0341914,201708
1502984400000,4377.54,4425.83,4377.54,4396.47,4.208961,18466.92898058,28,1.669306,7337.8565535,201708
1502984700000,4392.95,4425.83,4392.95,4423.63,9.70326,42754.60239938,28,8.526591,37585.55431583,201708
1502985000000,4423.63,4423.63,4371.45,4371.45,3.524153,15533.15722934,25,2.233151,9856.58563094,201708
1502985300000,4377.54,4377.54,4333.42,4352.34,7.257702,31529.45941798,10,7.257702,31529.45941798,201708
1502985600000,4352.33,4352.35,4314.5,4325.0,6.248231,27147.10236319,40,3.929902,17102.8559159,201708
1502985900000,4325.0,4354.35,4255.3,4293.61,19.458885,83866.44660844,70,13.138501,56667.78351464,201708
1502986200000,4261.89,4339.85,4255.3,4307.17,8.470437,36326.40587897,76,1.761982,7594.11355497,201708
1502986500000,4307.17,4307.17,4272.03,4294.08,11.114735,47707.90061666,27,6.503835,27927.23335454,201708
1502986800000,4294.08,4336.69,4265.87,4307.43,4.592486,19729.90041926,52,0.917905,3952.08774826,201708
1502987100000,4307.43,4336.69,4290.17,4290.17,3.325174,14344.55082986,34,1.597176,6920.47283802,201708
1502987400000,4290.17,4337.29,4290.17,4337.29,2.295355,9877.47530243,24,0.935238,4026.45009254,201708
1502987700000,4337.29,4337.29,4322.23,4322.23,1.328097,5752.39708473,15,1.247752,5403.91751968,201708
1502988000000,4320.29,4320.29,4300.29,4300.29,4.492389,19333.20767506,9,4.492389,19333.20767506,201708
1502988300000,4300.29,4338.13,4300.29,4338.13,1.728344,7448.27942552,15,1.728344,7448.27942552,201708
1502988600000,4338.13,4338.13,4312.68,4338.13,3.737111,16183.16448243,26,2.106166,9135.34794142,201708
1502988900000,4354.18,4354.18,4354.18,4354.18,0.667547,2906.61979646,10,0.667547,2906.61979646,201708
1502989200000,4354.18,4354.18,4354.18,4354.18,1.271985,5538.4516473,8,1.271985,5538.4516473,201708
1502989500000,4354.18,4354.18,4326.99,4341.31,5.799305,25122.8694092,14,5.536758,23979.69251274,201708
1502989800000,4341.31,4354.84,4341.31,4341.31,5.035039,21869.9832361,19,0.836517,3642.89769228,201708
1502990100000,4323.23,4354.84,4322.23,4322.23,2.045395,8859.72184841,15,2.045395,8859.72184841,201708
1502990400000,4322.23,4322.23,4301.5,4318.21,6.353183,27371.17808885,18,5.971542,25721.63790942,201708
1502990700000,4318.21,4335.28,4318.21,4335.28,0.896589,3884.46208569,13,0.75,3251.46,201708
1502991000000,4335.28,4337.29,4335.28,4337.29,4.263193,18489.5284024,16,3.678136,15953.14249144,201708
1502991300000,4337.29,4354.84,4337.29,4354.84,1.730637,7509.79129293,14,1.49349,6481.2159813,201708
1502991600000,4354.84,4354.84,4328.15,4328.15,1.049922,4556.97507117,9,1.049922,4556.97507117,201708
1502991900000,4315.11,4328.15,4299.95,4328.15,6.573751,28314.33491001,17,5.999116,25834.72167516,201708
1502992200000,4328.15,4328.15,4307.17,4309.05,4.787848,20651.0585385,16,4.419431,19056.49449995,201708
1502992500000,4307.17,4307.17,4235.45,4289.24,19.858065,84717.99805923,33,5.915242,25387.25649351,201708
1502992800000,4289.24,4289.24,4263.99,4263.99,3.778397,16150.49875339,16,3.318271,14184.80979609,201708
1502993100000,4253.56,4253.56,4218.68,4231.87,8.066939,34099.08850032,17,8.066939,34099.08850032,201708
1502993400000,4231.87,4282.43,4231.87,4282.43,4.466659,18958.56785205,16,3.220206,13666.8725795,201708
1502993700000,4282.43,4302.15,4273.03,4302.15,5.953319,25462.37845553,14,5.953319,25462.37845553,201708
1502994000000,4302.15,4302.45,4302.15,4302.45,2.078432,8942.17783457,20,1.860329,8003.80763786,201708
1502994300000,4287.69,4287.69,4287.69,4287.69,0.602449,2583.11455281,13,0.56961,2442.3111009,201708
1502994600000,4287.69,4287.69,4287.69,4287.69,2.175969,9329.88052161,19,1.263295,5416.61733855,201708
1502994900000,4302.45,4302.45,4264.1,4267.01,6.380868,27254.11150835,16,6.380868,27254.11150835,201708
1502995200000,4246.9,4246.9,4237.85,4237.85,3.040277,12903.10344205,11,2.25541,9575.01277755,201708
1502995500000,4237.85,4241.9,4222.97,4241.9,5.90111,24950.39812693,14,5.605769,23698.78727008,201708
1502995800000,4241.9,4267.01,4241.9,4254.96,5.511946,23504.0789415,19,4.052884,17280.02245053,201708
1502996100000,4254.96,4256.97,4254.96,4256.97,3.318798,14121.96033093,19,2.484337,10571.36215437,201708
1502996400000,4241.91,4256.97,4200.74,4200.74,9.521535,40273.77915965,18,8.50118,35974.13114293,201708
1502996700000,4200.74,4242.53,4200.74,4242.53,2.375692,10035.90630334,14,2.109259,8913.28110187,201708
1502997000000,4271.02,4284.27,4256.51,4281.87,10.019904,42767.73958648,17,8.594171,36679.78056788,201708
1502997300000,4281.87,4281.87,4247.38,4266.0,6.149461,26164.60605204,19,6.149461,26164.60605204,201708
1502997600000,4266.0,4266.0,4266.0,4266.0,3.216729,13722.565914,12,3.216729,13722.565914,201708
1502997900000,4266.0,4302.44,4266.0,4287.61,1.882629,8088.16072349,22,1.537163,6605.02515469,201708
1502998200000,4287.61,4302.45,4287.61,4302.15,0.550298,2365.46770428,15,0.491626,2113.05195948,201708
1502998500000,4316.08,4316.08,4289.0,4289.0,6.426611,27680.20169143,23,5.120975,22076.36922318,201708
1502998800000,4316.08,4327.25,4316.08,4327.25,1.187499,5135.73577634,19,1.157187,5004.90675938,201708
1502999100000,4327.25,4335.3,4327.25,4327.25,1.400713,6066.2440795,17,1.155524,5005.24997925,201708
1502999400000,4327.25,4328.25,4325.24,4325.24,2.913687,12610.43602848,13,2.911488,12600.92040573,201708
1502999700000,4325.24,4325.24,4325.23,4325.23,1.066092,4611.09389179,13,1.066092,4611.09389179,201708
1503000000000,4307.56,4325.23,4307.56,4311.18,5.48585,23654.55680216,24,5.180957,22335.82445177,201708
1503000300000,4311.18,4311.18,4278.05,4278.05,3.268671,14041.73381149,20,3.262448,14014.97491149,201708
1503000600000,4278.05,4278.05,4261.0,4278.05,4.82965,20596.0575355,14,4.82965,20596.0575355,201708
1503000900000,4278.05,4325.23,4278.05,4302.77,8.163757,35129.16410606,24,5.308657,22826.04857714,201708
1503001200000,4302.77,4302.96,4289.0,4302.96,2.462616,10594.083096,24,2.273661,9782.86079232,201708
1503001500000,4288.1,4288.1,4273.16,4273.16,1.955036,8372.66090974,13,1.955036,8372.66090974,201708
1503001800000,4258.56,4302.96,4258.56,4302.96,6.169103,26317.95311184,23,5.470931,23327.48900003,201708
1503002100000,4302.96,4303.18,4262.53,4303.18,2.61842,11264.11742907,29,1.457178,6269.9611104,201708
1503002400000,4310.99,4325.24,4302.5,4305.0,5.240749,22562.34183329,20,5.239749,22558.03683329,201708
1503002700000,4305.0,4325.24,4305.0,4325.24,5.188388,22433.73223752,18,4.990736,21582.84037752,201708
1503003000000,4325.24,4341.3,4325.24,4341.3,1.737671,7520.50360564,18,1.120312,4850.26914152,201708
1503003300000,4341.3,4354.84,4326.0,4346.74,1.855561,8061.97644476,20,1.793821,7794.28185596,201708
1503003600000,4346.74,4346.74,4315.85,4331.78,5.597727,24190.66507242,13,5.597727,24190.66507242,201708
1503003900000,4331.78,4339.0,4331.78,4339.0,1.740744,7549.61032756,17,1.173815,5093.183285,201708
1503004200000,4339.0,4367.93,4322.65,4367.93,3.217642,13968.58239365,17,2.958847,12847.56748865,201708
1503004500000,4346.73,4367.93,4341.32,4360.0,7.578185,32945.56539146,22,6.718128,29206.39220163,201708
1503004800000,4367.93,4367.93,4360.93,4360.93,1.372003,5990.06206379,24,0.374204,1634.49687772,201708
1503005100000,4360.94,4369.69,4335.98,4349.33,9.786364,42585.10694386,29,6.330528,27514.63778156,201708
1503005400000,4349.33,4349.33,4322.65,4349.33,3.531573,15344.10603821,23,3.004732,13066.75678956,201708
1503005700000,4349.33,4355.56,4349.32,4355.56,1.967855,8559.14759534,13,1.608322,6995.42352778,201708
1503006000000,4355.56,4369.69,4334.12,4354.35,7.711397,33512.97688502,22,7.205271,31308.77924498,201708
1503006300000,4354.03,4355.02,4323.98,4355.02,6.808926,29618.9100858,19,5.784569,25188.87897709,201708
1503006600000,4355.02,4368.68,4322.98,4349.63,3.609343,15685.17046843,31,1.812799,7893.00113755,201708
1503006900000,4322.98,4349.63,4309.23,4333.55,8.851277,38335.03850032,18,8.583677,37180.29355232,201708
1503007200000,4333.55,4335.56,4322.39,4335.56,7.228002,31281.84260166,21,5.878361,25432.99075922,201708
1503007500000,4349.63,4349.63,4343.96,4343.96,2.63973,11477.93334738,16,2.63973,11477.93334738,201708
1503007800000,4349.63,4349.63,4334.32,4334.32,1.412863,6128.35583311,14,1.049873,4553.85179699,201708
1503008100000,4325.24,4325.24,4310.0,4312.34,9.873846,42566.39492588,24,5.114391,22053.05080752,201708
1503008400000,4312.34,4312.34,4312.34,4312.34,2.371025,10224.6659485,20,2.371025,10224.6659485,201708
1503008700000,4310.0,4326.29,4310.0,4326.29,2.715708,11712.58308852,30,1.453233,6269.59248702,201708
1503009000000,4326.28,4326.29,4326.28,4326.29,1.702508,7365.53484932,19,1.528312,6611.91417844,201708
1503009300000,4326.29,4341.96,4319.11,4341.96,10.035902,43422.26497635,19,6.156638,26624.22338388,201708
1503009600000,4348.62,4356.06,4348.62,4352.34,3.174265,13811.95650606,24,2.863402,12459.59529948,201708
1503009900000,4335.0,4352.34,4335.0,4341.3,5.247825,22770.93805758,15,5.008188,21727.956357,201708
1503010200000,4341.3,4359.13,4341.3,4352.34,3.156015,13730.09598096,21,2.431938,10586.66050086,201708
1503010500000,4352.34,4352.34,4327.52,4336.8,7.818453,33875.7136193,13,7.818453,33875.7136193,201708
1503010800000,4313.39,4336.8,4313.39,4336.8,5.712861,24688.38692029,14,5.547092,23969.47992109,201708
1503011100000,4336.8,4336.8,4322.74,4336.28,3.479181,15077.27663458,16,1.657095,7185.97089704,201708
1503011400000,4336.28,4337.38,4300.0,4323.31,9.009374,38969.22873422,23,8.656063,37447.22153378,201708
1503011700000,4337.38,4337.38,4318.68,4337.36,7.532349,32596.30820237,16,6.104707,26405.27049606,201708
1503012000000,4337.36,4337.38,4337.36,4337.38,7.238818,31397.38966656,34,5.429489,23549.67843512,201708
1503012300000,4318.68,4337.38,4318.68,4327.89,6.364666,27515.70503466,19,6.040234,26111.59902618,201708
1503012600000,4327.89,4332.26,4327.89,4332.26,0.931467,4032.73543955,17,0.405084,1754.60771768,201708
1503012900000,4332.26,4332.26,4332.26,4332.26,0.684885,2967.0998901,14,0.684885,2967.0998901,201708
1503013200000,4332.26,4332.26,4314.13,4328.25,9.283,40131.0034314,28,8.940125,38646.95471265,201708
1503013500000,4325.82,4332.26,4289.09,4299.13,15.381984,66208.84826487,32,7.570679,32562.53938141,201708
1503013800000,4280.82,4317.33,4280.82,4280.82,13.889197,59590.65455185,45,11.704452,50189.09288978,201708
1503014100000,4305.75,4305.75,4285.08,4285.08,2.137481,9167.92373721,12,2.137481,9167.92373721,201708
1503014400000,4285.08,4287.09,4285.08,4287.09,2.962987,12700.86813369,17,1.47058,6303.10047756,201708
1503014700000,4267.78,4292.1,4267.78,4292.1,5.520021,23598.57155156,23,4.859882,20766.19896233,201708
1503015000000,4305.76,4305.76,4304.76,4305.76,1.975479,8505.76813599,18,1.433159,6170.83369584,201708
1503015300000,4309.08,4309.08,4289.53,4303.83,7.162071,30768.20989092,23,6.725505,28889.46363537,201708
1503015600000,4303.83,4303.83,4285.85,4303.83,5.845545,25092.76389853,14,5.188505,22264.97543533,201708
1503015900000,4309.92,4309.92,4292.11,4292.11,2.905368,12503.51649381,17,2.211452,9516.56201097,201708
1503016200000,4292.11,4309.15,4286.01,4309.15,7.5498,32423.01633466,32,7.408909,31818.29666465,201708
1503016500000,4309.15,4309.15,4309.15,4309.15,1.364443,5879.58955345,14,1.364443,5879.58955345,201708
1503016800000,4309.15,4309.15,4302.15,4302.15,3.628281,15633.31147177,12,3.628281,15633.31147177,201708
1503017100000,4282.51,4340.62,4282.51,4284.76,16.412011,70669.18933188,42,15.349327,66097.36336128,201708
1503017400000,4264.88,4284.76,4243.97,4251.95,13.155864,56262.08577077,27,9.802383,41909.23665199,201708
1503017700000,4251.1,4286.53,4228.76,4286.53,13.953604,59467.51984159,29,11.261168,47963.35238823,201708
1503018000000,4269.36,4269.36,4200.0,4269.36,9.539134,40236.21004582,19,4.279832,18120.0963532,201708
1503018300000,4255.44,4255.44,4237.0,4255.44,5.200388,22053.16985714,18,3.947116,16730.72814614,201708
1503018600000,4255.44,4269.36,4251.4,4251.4,4.019701,17108.8212182,16,3.664812,15600.0461236,201708
1503018900000,4216.81,4238.89,4142.67,4142.67,6.67514,27861.36493546,26,1.49601,6306.02464012,201708
1503019200000,4172.81,4202.75,4134.61,4202.75,22.687485,94622.36739748,29,8.45684,35390.33609196,201708
1503019500000,4202.75,4219.88,4202.75,4214.97,5.191329,21859.10918588,23,3.346953,14098.6765901,201708
1503019800000,4214.97,4223.0,4214.97,4223.0,0.463677,1956.18179884,13,0.345291,1457.18836042,201708
1503020100000,4223.0,4223.0,4200.6,4202.73,6.501168,27356.34215976,23,6.225652,26194.07478473,201708
1503020400000,4221.87,4231.61,4212.65,4231.61,5.078056,21411.15465436,15,5.061787,21342.46905133,201708
1503020700000,4231.61,4238.89,4231.61,4238.89,1.558567,6601.88184278,23,1.113817,4718.16448905,201708
1503021000000,4238.89,4255.66,4238.89,4255.66,3.825457,16246.5482395,21,2.75236,11697.80809717,201708
1503021300000,4255.66,4269.36,4243.59,4243.59,4.944781,21014.37807941,17,4.883098,20751.87620363,201708
1503021600000,4251.95,4251.95,4251.95,4251.95,2.310185,9822.79111075,28,2.253567,9582.05420565,201708
1503021900000,4266.26,4266.26,4234.43,4262.14,11.120856,47252.48969188,21,9.613971,40837.58782,201708
1503022200000,4262.14,4286.53,4234.0,4286.53,3.472993,14800.85189744,19,1.832545,7838.1821035,201708
1503022500000,4286.53,4298.64,4278.87,4278.87,9.523207,40789.7079533,26,7.523207,32226.6879533,201708
1503022800000,4278.87,4278.87,4277.04,4277.04,6.796053,29069.22688029,17,5.306053,22696.43728029,201708
1503023100000,4255.88,4278.05,4255.88,4278.05,6.348661,27079.83828642,15,5.969931,25459.99492722,201708
1503023400000,4278.05,4278.05,4242.75,4264.51,5.603667,23822.27788418,23,5.312737,22581.60689918,201708
1503023700000,4264.51,4264.51,4260.98,4260.98,0.745756,3180.02269956,12,0.688965,2937.83691215,201708
1503024000000,4260.98,4260.98,4252.95,4252.95,1.554608,6617.12288116,19,1.324765,5637.76645502,201708
1503024300000,4252.95,4267.59,4252.95,4267.59,1.80466,7679.18953164,14,1.767429,7520.84795019,201708
1503024600000,4267.59,4267.59,4244.79,4267.59,3.791085,16099.20070035,12,3.791085,16099.20070035,201708
1503024900000,4267.59,4267.59,4267.59,4267.59,0.999606,4265.90856954,13,0.932581,3979.87334979,201708
1503025200000,4244.77,4278.05,4244.77,4278.05,2.028768,8648.4511802,25,0.671854,2873.07772052,201708
1503025500000,4279.86,4282.49,4278.05,4282.49,2.345138,10041.15502515,36,2.034,8709.98059108,201708
1503025800000,4282.49,4308.7,4282.49,4308.7,4.226024,18151.88511096,25,2.974864,12771.11267136,201708
1503026100000,4308.7,4308.7,4263.92,4263.92,6.283206,26891.64012281,17,6.283206,26891.64012281,201708
1503026400000,4283.07,4298.3,4275.36,4296.44,7.361987,31505.50839356,28,6.160106,26366.40040184,201708
1503026700000,4296.44,4296.44,4244.77,4244.77,6.847904,29269.33890962,27,5.597703,23946.76298329,201708
1503027000000,4244.77,4280.33,4234.0,4254.28,11.113086,47221.79982624,26,7.542382,32059.34729496,201708
1503027300000,4254.28,4277.83,4254.28,4277.83,2.781017,11833.94851316,14,1.769977,7532.70126196,201708
1503027600000,4277.83,4277.83,4262.88,4277.81,4.407117,18801.22267806,11,4.406697,18799.42598946,201708
1503027900000,4277.81,4296.6,4277.81,4296.6,5.889537,25241.33003482,40,4.031804,17272.42324724,201708
1503028200000,4296.6,4296.6,4288.14,4288.15,3.916574,16810.36392612,40,3.787988,16258.96915608,201708
1503028500000,4288.15,4292.39,4269.07,4292.39,6.800991,29078.36275907,17,6.800991,29078.36275907,201708
1503028800000,4292.39,4292.39,4269.26,4269.26,2.037483,8722.81215972,17,2.037483,8722.81215972,201708
1503029100000,4269.01,4269.01,4269.01,4269.01,1.80842,7720.1630642,19,1.80842,7720.1630642,201708
1503029400000,4266.56,4266.56,4252.01,4252.01,5.119003,21803.87634257,22,5.119003,21803.87634257,201708
1503029700000,4252.01,4266.56,4247.93,4251.67,5.388061,22902.56580725,31,4.719464,20060.63830696,201708
1503030000000,4251.67,4251.67,4234.43,4246.92,7.149028,30322.18150258,26,6.860044,29095.44276019,201708
1503030300000,4245.0,4246.92,4245.0,4245.0,3.952971,16781.13666492,25,2.933455,12453.29124492,201708
1503030600000,4245.0,4284.79,4245.0,4253.85,6.578099,28015.55068576,32,5.228385,22272.1570844,201708
1503030900000,4273.03,4273.03,4234.67,4271.02,6.398025,27304.1837964,19,5.655389,24156.05461424,201708
1503031200000,4271.02,4271.02,4271.02,4271.02,2.114956,9033.01937512,13,2.114956,9033.01937512,201708
1503031500000,4292.39,4292.39,4284.74,4285.99,2.311239,9904.23161406,23,1.946407,8341.02135038,201708
1503031800000,4278.5,4287.92,4271.02,4287.92,6.01376,25742.36277967,21,5.476711,23446.96382019,201708
1503032100000,4287.92,4287.92,4287.92,4287.92,1.92647,8260.5492424,19,1.92647,8260.5492424,201708
1503032400000,4287.92,4287.92,4268.97,4280.0,7.331195,31355.79560283,21,7.276604,31121.71376211,201708
1503032700000,4280.0,4280.0,4263.01,4280.0,4.165923,17826.63351,22,3.6556,15645.968,201708
1503033000000,4280.0,4293.8,4250.04,4293.8,4.709544,20145.34903898,25,1.645995,7063.27318491,201708
1503033300000,4278.06,4319.93,4278.06,4290.77,12.074623,51898.30652126,61,8.130961,34936.33030255,201708
1503033600000,4319.93,4319.93,4317.21,4319.93,1.701394,7349.25018242,21,1.701394,7349.25018242,201708
1503033900000,4317.21,4317.21,4295.68,4317.21,5.187852,22322.39196841,22,4.962622,21350.02676011,201708
1503034200000,4317.21,4330.82,4317.21,4330.82,1.965677,8507.33534316,15,1.397448,6051.31389369,201708
1503034500000,4330.82,4330.82,4289.33,4291.47,10.163414,43647.54224472,34,8.61122,36983.99845049,201708
1503034800000,4291.47,4340.62,4290.55,4340.0,7.214805,31021.99851794,62,3.036797,13088.15304589,201708
1503035100000,4294.5,4327.25,4274.16,4289.88,3.599253,15442.44571171,37,0.495461,2131.72810345,201708
1503035400000,4289.88,4327.25,4274.16,4288.21,5.550519,23891.97936048,34,4.532738,19525.91687679,201708
1503035700000,4325.38,4325.38,4313.56,4313.56,0.505087,2183.02072502,13,0.441411,1907.59782814,201708
1503036000000,4313.56,4313.56,4300.0,4313.56,2.341426,10093.67105656,27,1.693951,7306.95927556,201708
1503036300000,4313.56,4316.98,4262.32,4295.56,9.205415,39553.62887832,22,7.992214,34358.4627292,201708
1503036600000,4295.56,4316.98,4295.56,4316.75,2.203322,9494.57492918,18,1.966614,8477.7815127,201708
1503036900000,4316.75,4316.75,4297.13,4297.13,3.101307,13344.69913653,11,2.381533,10238.71183319,201708
1503037200000,4297.13,4304.67,4262.32,4304.67,1.78273,7655.54657659,11,1.504911,6471.39309651,201708
1503037500000,4304.67,4304.67,4268.92,4289.09,5.777726,24714.6143161,14,5.357502,22911.8113337,201708
1503037800000,4289.09,4289.09,4261.41,4261.41,2.464759,10565.48355163,22,1.926555,8263.16778495,201708
1503038100000,4261.41,4287.96,4247.75,4287.96,8.549762,36574.167625,52,5.916468,25298.80162246,201708
1503038400000,4287.96,4287.96,4247.75,4265.41,5.853195,24996.01722742,33,3.879365,16565.66040317,201708
1503038700000,4287.96,4289.09,4247.75,4289.09,9.370578,40038.38317403,45,2.00269,8588.45648735,201708
1503039000000,4272.0,4291.25,4272.0,4288.03,6.329695,27094.81201117,17,6.17485,26430.66787012,201708
1503039300000,4288.03,4304.66,4279.46,4279.46,7.255509,31119.00370593,26,6.631949,28435.06895377,201708
1503039600000,4279.46,4304.66,4279.46,4304.66,3.561504,15264.98405238,19,3.328172,14264.2021045,201708
1503039900000,4290.75,4290.75,4270.5,4286.09,5.287529,22610.59220265,17,4.461648,19070.4637921,201708
1503040200000,4286.09,4294.88,4277.05,4294.88,2.878829,12332.50490204,18,2.381342,10200.26597267,201708
1503040500000,4280.53,4286.08,4275.0,4286.05,6.445498,27590.22387311,33,4.270359,18284.48338971,201708
1503040800000,4286.05,4286.05,4270.48,4286.05,8.63855,36972.147179,10,8.63855,36972.147179,201708
1503041100000,4286.05,4286.05,4270.48,4286.05,7.021917,30044.61709839,13,7.021917,30044.61709839,201708
1503041400000,4286.05,4304.67,4270.48,4304.67,7.460274,31932.652876,22,7.081353,30308.57852395,201708
1503041700000,4301.56,4301.56,4301.56,4301.56,1.211109,5209.65803004,10,1.211109,5209.65803004,201708
1503042000000,4301.56,4301.56,4277.58,4300.25,5.959541,25551.40956098,22,5.397145,23132.28343714,201708
1503042300000,4304.67,4304.67,4294.83,4304.67,6.94602,29867.2887702,14,6.94602,29867.2887702,201708
1503042600000,4304.67,4304.67,4294.83,4304.67,6.886921,29612.17871595,10,6.886921,29612.17871595,201708
1503042900000,4304.65,4304.65,4285.0,4300.25,6.889112,29617.18495676,15,6.879123,29574.38209176,201708
1503043200000,4285.0,4300.25,4285.0,4300.25,2.605985,11191.96607775,18,2.30742,9912.61505275,201708
1503043500000,4284.96,4300.25,4284.96,4298.0,11.627521,49943.03063906,18,11.627521,49943.03063906,201708
1503043800000,4298.0,4298.0,4290.01,4298.0,4.530587,19456.49984524,17,4.490663,19285.225486,201708
1503044100000,4298.0,4300.25,4298.0,4298.0,3.645037,15666.452276,23,2.225562,9565.548726,201708
1503044400000,4298.0,4300.0,4284.33,4300.0,5.723547,24556.76273097,19,4.939687,21187.09325297,201708
1503044700000,4300.0,4307.41,4300.0,4306.41,8.013844,34491.20111648,24,7.436174,32004.92496483,201708
1503045000000,4306.41,4320.71,4306.41,4311.09,4.243782,18307.86964322,13,3.552114,15326.67942684,201708
1503045300000,4290.38,4311.09,4290.38,4311.09,8.519171,36657.52860246,24,7.000004,30108.26667074,201708
1503045600000,4310.18,4310.18,4270.34,4286.08,11.628459,49837.35187216,26,8.753253,37494.93104908,201708
1503045900000,4285.76,4286.08,4270.02,4270.02,4.010261,17165.03239405,31,3.76468,16112.53116749,201708
1503046200000,4270.02,4285.03,4259.85,4285.03,6.319137,26968.43625065,12,6.319137,26968.43625065,201708
1503046500000,4277.05,4293.55,4277.05,4282.73,3.962518,16994.46334805,22,3.357273,14399.4996463,201708
1503046800000,4265.33,4307.1,4265.33,4293.47,5.547153,23734.18994702,16,4.377345,18700.43593454,201708
1503047100000,4293.47,4307.1,4293.47,4305.37,3.887708,16734.71386171,13,3.390262,14598.94438409,201708
1503047400000,4305.37,4305.37,4283.13,4301.0,5.2882,22691.68124005,9,5.2882,22691.68124005,201708
1503047700000,4301.0,4307.01,4301.0,4307.0,1.481908,6376.79802351,19,0.7438,3202.19551551,201708
1503048000000,4307.0,4307.0,4276.88,4306.99,6.326363,27171.1941381,25,6.247498,26832.3575731,201708
1503048300000,4306.99,4327.25,4306.99,4307.01,3.888495,16774.72017334,19,3.590923,15488.91330209,201708
1503048600000,4317.6,4317.6,4307.01,4315.2,4.262876,18402.150864,25,4.172876,18014.519964,201708
1503048900000,4315.2,4315.2,4307.16,4307.16,1.644619,7089.41805264,11,1.644619,7089.41805264,201708
1503049200000,4307.16,4307.16,4300.0,4300.0,1.036555,4462.86271669,19,0.788267,3395.19209172,201708
1503049500000,4300.0,4310.0,4276.89,4276.89,6.499486,27978.21841716,35,5.272036,22699.69315624,201708
1503049800000,4276.89,4310.0,4276.89,4304.15,0.973725,4194.95998575,18,0.615094,2650.75032575,201708
1503050100000,4304.15,4304.15,4290.52,4304.15,4.816068,20684.21991716,19,4.816068,20684.21991716,201708
1503050400000,4304.15,4305.83,4304.15,4304.15,2.096205,9025.12299291,20,1.157713,4984.60000895,201708
1503050700000,4304.15,4315.2,4304.15,4315.2,1.558561,6710.7487103,15,1.157229,4983.3555825,201708
1503051000000,4296.04,4328.19,4296.04,4315.2,6.565833,28280.88959212,15,6.192325,26669.12787052,201708
1503051300000,4315.2,4336.61,4315.2,4336.61,6.103243,26394.40818818,18,5.857188,25332.63165218,201708
1503051600000,4336.61,4342.6,4330.26,4330.26,4.363363,18920.96460407,23,2.59702,11264.7647276,201708
1503051900000,4316.48,4349.0,4316.48,4349.0,7.730614,33457.7282646,12,6.225144,26938.6517424,201708
1503052200000,4330.26,4350.91,4330.26,4330.26,4.40016,19136.70309048,19,4.256242,18512.84561286,201708
1503052500000,4350.91,4371.52,4350.91,4368.68,2.076207,9048.60699586,21,0.937691,4088.9125321,201708
1503052800000,4371.4,4371.52,4371.4,4371.42,7.462583,32622.04619612,25,4.713939,20606.62381452,201708
1503053100000,4371.42,4371.42,4332.2,4332.2,2.258355,9837.48010786,21,1.292094,5633.47120724,201708
1503053400000,4332.2,4357.66,4317.91,4356.31,2.853731,12374.72088214,28,1.2142,5275.3882335,201708
1503053700000,4338.15,4356.31,4338.15,4356.31,4.09482,17779.7486666,10,4.09482,17779.7486666,201708
1503054000000,4356.31,4357.29,4327.0,4357.29,1.541634,6710.84950702,20,1.0383,4523.39519422,201708
1503054300000,4357.29,4357.36,4340.01,4357.36,2.804741,12216.01562503,16,2.334843,10171.71664903,201708
1503054600000,4357.36,4357.37,4345.14,4353.0,3.985993,17329.52600885,13,3.858024,16771.9184465,201708
1503054900000,4353.0,4354.29,4343.23,4343.23,1.268915,5520.28729929,22,0.970282,4220.33751102,201708
1503055200000,4343.23,4343.23,4330.0,4330.0,1.691368,7331.9343433,12,0.805378,3493.8168034,201708
1503055500000,4330.0,4330.0,4330.0,4330.0,1.011225,4378.60425,13,1.011225,4378.60425,201708
1503055800000,4330.0,4330.0,4329.0,4329.0,0.791907,3428.901248,15,0.791907,3428.901248,201708
1503056100000,4329.0,4343.23,4329.0,4343.23,0.901135,3903.7229493,14,0.783061,3392.5806033,201708
1503056400000,4343.23,4343.23,4315.46,4327.5,6.576882,28424.13764563,10,6.576882,28424.13764563,201708
1503056700000,4327.5,4343.23,4302.72,4343.23,1.796538,7751.07116359,14,0.796638,3448.78143559,201708
1503057000000,4343.23,4343.23,4340.31,4340.31,0.763053,3312.97624035,13,0.763053,3312.97624035,201708
1503057300000,4340.31,4340.31,4340.31,4340.31,0.960058,4166.94933798,16,0.960058,4166.94933798,201708
1503057600000,4320.52,4340.31,4320.52,4340.31,3.890942,16822.36093589,7,3.890942,16822.36093589,201708
1503057900000,4336.52,4336.52,4336.52,4336.52,1.739641,7543.98798932,15,1.739641,7543.98798932,201708
1503058200000,4336.52,4338.8,4336.52,4338.8,0.95557,4145.90300192,21,0.95557,4145.90300192,201708
1503058500000,4338.8,4340.31,4326.69,4340.31,4.865635,21073.48433872,19,4.394214,19028.08290392,201708
1503058800000,4340.31,4340.31,4340.31,4340.31,2.292838,9951.62769978,12,2.292838,9951.62769978,201708
1503059100000,4340.31,4340.31,4340.3,4340.3,0.173081,751.2244546,6,0.173081,751.2244546,201708
1503059400000,4340.3,4340.3,4340.3,4340.3,0.316905,1375.4627715,7,0.316905,1375.4627715,201708
1503059700000,4340.3,4340.3,4340.3,4340.3,0.002693,11.6884279,1,0.002693,11.6884279,201708
1503060000000,4331.71,4331.71,4300.74,4331.71,0.757765,3260.57711574,6,0.060547,261.80133234,201708
1503060300000,4287.79,4331.71,4287.79,4331.71,0.123887,531.86801357,2,0.015177,65.74236267,201708
1503060600000,4331.71,4331.71,4331.71,4331.71,0.0,0.0,0,0.0,0.0,201708
1503060900000,4331.71,4331.71,4331.71,4331.71,0.0,0.0,0,0.0,0.0,201708
1503061200000,4302.97,4318.16,4302.97,4318.16,0.040421,174.3144599,3,0.040421,174.3144599,201708
1503061500000,4318.16,4318.16,4318.16,4318.16,1.019558,4402.61457328,3,1.019558,4402.61457328,201708
1503061800000,4318.16,4318.16,4273.74,4307.17,8.546995,36772.18965431,16,6.244226,26874.6144582,201708
1503062100000,4307.17,4308.27,4307.17,4308.27,1.7902,7710.796197,9,1.395371,6010.20057307,201708
1503062400000,4308.27,4308.27,4308.27,4308.27,0.382221,1646.71126767,2,0.382221,1646.71126767,201708
1503062700000,4278.05,4278.05,4278.0,4278.0,0.179466,767.7607533,12,0.179466,767.7607533,201708
1503063000000,4278.0,4278.05,4221.05,4261.99,0.590098,2509.11615528,24,0.286612,1221.74755668,201708
1503063300000,4247.98,4278.05,4242.02,4242.02,11.745535,49972.12033998,37,11.727055,49893.35876478,201708
1503063600000,4262.99,4293.65,4255.9,4293.65,12.392612,52931.63249356,28,6.014936,25674.9061708,201708
1503063900000,4287.09,4287.09,4287.09,4287.09,1.565057,6709.54021413,10,1.565057,6709.54021413,201708
1503064200000,4268.51,4288.84,4268.51,4288.84,6.825383,29203.46530294,18,6.277566,26854.92452041,201708
1503064500000,4288.84,4293.09,4288.84,4293.09,1.456221,6250.36159614,15,1.178978,5061.31072802,201708
1503064800000,4293.09,4293.09,4271.49,4293.05,4.949555,21178.93752095,14,4.925285,21074.74519745,201708
1503065100000,4285.71,4288.61,4261.77,4273.61,9.978771,42656.79520119,21,7.82038,33415.08957648,201708
1503065400000,4273.61,4286.72,4261.88,4272.92,4.848042,20688.11016636,16,4.514158,19261.22016512,201708
1503065700000,4272.92,4272.92,4272.92,4272.92,0.613027,2619.41532884,7,0.613027,2619.41532884,201708
1503066000000,4258.97,4258.97,4224.72,4243.91,8.342829,35365.18990816,18,5.963754,25253.19186591,201708
1503066300000,4232.58,4257.63,4232.16,4256.79,13.139187,55775.24731303,31,11.036799,46825.78108681,201708
1503066600000,4229.42,4252.92,4193.7,4221.83,9.364173,39540.71039941,20,8.69151,36680.42698741,201708
1503066900000,4221.83,4221.83,4200.02,4221.83,7.699687,32377.46367458,44,6.638046,27912.39571761,201708
1503067200000,4204.76,4243.72,4204.76,4243.72,1.924197,8116.19457548,13,1.924197,8116.19457548,201708
1503067500000,4232.82,4249.85,4232.82,4247.83,7.457404,31624.18246475,15,5.852106,24810.35533537,201708
1503067800000,4247.83,4247.83,4240.32,4247.83,4.800483,20368.68438338,16,4.800483,20368.68438338,201708
1503068100000,4247.83,4259.4,4247.83,4259.4,1.251588,5328.97573644,10,1.204992,5130.75484776,201708
1503068400000,4259.4,4259.4,4255.0,4255.0,1.426227,6073.4176646,14,1.144649,4874.0643314,201708
1503068700000,4255.0,4256.97,4232.83,4256.97,4.505637,19139.07039778,15,4.271036,18142.75444065,201708
1503069000000,4256.97,4256.97,4253.71,4253.71,2.758672,11741.13436354,20,1.042597,4435.86676319,201708
1503069300000,4249.42,4249.42,4249.42,4249.42,0.562091,2388.56073722,9,0.562091,2388.56073722,201708
1503069600000,4249.42,4249.42,4209.5,4225.84,6.188977,26124.86527,14,6.188977,26124.86527,201708
1503069900000,4225.84,4229.86,4225.84,4229.86,2.87608,12161.50815604,22,2.210039,9346.9254566,201708
1503070200000,4200.0,4229.86,4200.0,4229.86,0.824762,3487.69792306,16,0.793621,3356.90572306,201708
1503070500000,4229.86,4249.51,4229.85,4249.51,5.358075,22699.7767266,20,4.491326,19021.80748358,201708
1503070800000,4249.51,4249.51,4248.0,4249.51,1.214156,5159.50004259,12,1.214156,5159.50004259,201708
1503071100000,4248.0,4248.95,4248.0,4248.95,1.46694,6232.2688757,12,0.893644,3796.9074677,201708
1503071400000,4234.54,4248.95,4234.54,4236.89,3.801584,16110.5335999,25,2.862954,12131.46961826,201708
1503071700000,4236.89,4244.17,4234.54,4236.89,8.964516,37981.47757258,20,7.26541,30786.30600724,201708
1503072000000,4234.54,4236.89,4234.54,4235.9,1.105053,4681.14735139,13,1.064053,4507.53121139,201708
1503072300000,4235.9,4243.84,4235.9,4243.84,1.754097,7441.14916295,15,1.517854,6440.44743925,201708
1503072600000,4239.18,4249.51,4239.18,4249.51,5.75076,24399.28573051,24,5.597102,23747.18576379,201708
1503072900000,4249.51,4268.52,4234.54,4268.52,5.452127,23231.69197132,15,3.810994,16244.92921504,201708
1503073200000,4252.71,4275.63,4252.71,4275.63,5.14759,21927.85020141,18,4.853068,20670.67715397,201708
1503073500000,4275.63,4275.63,4273.78,4273.78,1.77013,7567.99543005,18,1.579868,6754.50551499,201708
1503073800000,4273.78,4275.63,4250.63,4266.72,5.296578,22553.14257997,16,4.903003,20870.58575417,201708
1503074100000,4266.72,4266.72,4254.88,4266.72,3.240889,13818.25016895,14,1.911812,8152.94572255,201708
1503074400000,4266.72,4266.72,4266.7,4266.7,0.894125,3814.96481496,14,0.894125,3814.96481496,201708
1503074700000,4262.38,4283.79,4262.38,4267.0,5.324312,22727.83917146,20,5.324312,22727.83917146,201708
1503075000000,4267.0,4267.01,4266.7,4266.7,7.10216,30304.36130321,17,6.540453,27907.66279681,201708
1503075300000,4251.8,4251.8,4250.34,4250.34,2.201003,9356.41354804,13,1.971076,8379.14562286,201708
1503075600000,4250.34,4250.34,4237.63,4240.73,11.806476,50061.21599447,16,11.806476,50061.21599447,201708
1503075900000,4240.73,4240.73,4227.35,4230.12,10.832733,45887.30682045,18,7.303646,30953.57310453,201708
1503076200000,4230.12,4230.12,4210.0,4226.84,9.363938,39534.60976967,25,4.729705,19944.08489712,201708
1503076500000,4226.84,4231.86,4226.84,4231.86,1.929399,8164.24220136,11,1.78911,7571.2630446,201708
1503076800000,4231.86,4246.93,4231.86,4231.86,2.391506,10143.65971148,14,1.535576,6521.48378168,201708
1503077100000,4219.48,4231.86,4197.73,4197.73,6.190039,26145.28586036,11,6.190039,26145.28586036,201708
1503077400000,4176.64,4176.64,4093.73,4093.73,2.36668,9735.399588,9,0.78668,3263.211188,201708
1503077700000,4102.78,4126.45,4066.53,4126.44,8.681783,35621.91468124,15,5.78018,23774.52593646,201708
1503078000000,4158.56,4158.56,4158.56,4158.56,0.240069,998.34134064,1,0.240069,998.34134064,201708
1503078300000,4155.0,4175.37,4140.84,4161.59,5.068154,21119.69019976,17,4.51524,18824.03361876,201708
1503078600000,4161.59,4197.73,4161.58,4197.73,2.778592,11579.03600594,17,2.115152,8808.93709629,201708
1503078900000,4193.35,4193.35,4146.35,4193.35,1.042097,4349.19740795,10,0.602096,2524.7992616,201708
1503079200000,4171.17,4192.0,4171.17,4192.0,0.987994,4134.172048,7,0.987994,4134.172048,201708
1503079500000,4174.32,4174.32,4144.33,4174.32,4.239052,17592.79753254,18,4.150388,17223.31860254,201708
1503079800000,4174.32,4174.32,4160.0,4174.0,1.500447,6255.91279056,17,1.500447,6255.91279056,201708
1503080100000,4161.57,4176.64,4128.0,4161.57,5.5967,23231.65691125,22,5.038261,20917.94890744,201708
1503080400000,4176.64,4176.64,4173.63,4173.63,1.357971,5669.72109516,17,1.357971,5669.72109516,201708
1503080700000,4173.63,4297.75,4173.0,4173.0,2.82152,11796.75528459,16,2.680892,11194.93164495,201708
1503081000000,4172.99,4177.41,4158.55,4177.41,3.95304,16494.37799043,24,3.434061,14328.68381322,201708
1503081300000,4175.0,4175.0,4175.0,4175.0,0.192184,802.3682,1,0.192184,802.3682,201708
1503081600000,4166.77,4175.0,4166.77,4175.0,0.161441,673.308395,2,0.161441,673.308395,201708
1503081900000,4160.0,4160.0,4158.55,4158.55,0.314011,1306.11176,2,0.0,0.0,201708
1503082200000,4152.08,4152.08,4135.0,4135.0,0.250226,1036.711966,7,0.250226,1036.711966,201708
1503082500000,4127.92,4151.0,4117.41,4117.41,3.944068,16267.99566872,41,3.822329,15766.66376113,201708
1503082800000,4086.28,4131.0,4032.59,4078.0,14.299822,58209.09464721,45,9.86088,40254.52774517,201708
1503083100000,4078.0,4078.0,4020.51,4020.51,3.850658,15519.15278938,20,3.065807,12353.90945529,201708
1503083400000,4050.0,4061.29,4047.09,4047.09,4.538312,18378.81440297,15,3.985445,16139.70305297,201708
1503083700000,4031.39,4033.07,4015.7,4015.7,1.894098,7614.81165246,3,0.524098,2113.30265246,201708
1503084000000,4015.7,4015.7,4015.7,4015.7,0.0,0.0,0,0.0,0.0,201708
1503084300000,4052.96,4078.53,4052.96,4066.21,0.159854,649.73611042,5,0.159854,649.73611042,201708
1503084600000,4066.21,4106.37,4051.67,4106.36,9.01437,36724.14342238,25,7.559607,30785.7191805,201708
1503084900000,4106.36,4106.36,4093.28,4105.36,6.428273,26354.24694184,23,6.428273,26354.24694184,201708
1503085200000,4105.36,4117.41,4082.0,4089.05,6.963599,28497.67847234,26,5.991241,24511.53911594,201708
1503085500000,4089.05,4106.37,4053.16,4106.37,5.284304,21532.52220546,25,1.485368,6093.62802496,201708
1503085800000,4068.57,4131.34,4068.57,4108.82,3.071463,12570.32295321,13,1.561462,6426.77818464,201708
1503086100000,4131.34,4136.48,4074.28,4136.28,5.093273,20854.65584371,18,1.899026,7798.95592854,201708
1503086400000,4135.0,4135.0,4044.25,4100.0,2.539621,10347.95426443,19,0.433755,1781.88393286,201708
1503086700000,4072.12,4109.47,4072.12,4082.15,1.479037,6052.60673491,14,1.221173,4992.92236283,201708
1503087000000,4066.21,4082.15,4034.23,4082.15,0.374531,1512.97032679,3,0.053531,217.98249679,201708
1503087300000,4082.15,4082.15,4082.15,4082.15,0.04521,184.5540015,4,0.041075,167.67431125,201708
1503087600000,4082.15,4082.15,4082.15,4082.15,0.0,0.0,0,0.0,0.0,201708
1503087900000,4046.51,4061.19,4010.9,4010.9,4.599311,18607.09898808,16,2.742732,11133.75877698,201708
1503088200000,4043.92,4061.0,3999.0,3999.0,3.072206,12355.23485524,30,2.366011,9508.03871646,201708
1503088500000,3999.0,4048.12,3999.0,4047.0,0.971562,3908.20233688,16,0.846038,3406.23186088,201708
1503088800000,4021.98,4026.83,3981.13,4026.82,4.899487,19614.4712567,24,1.295066,5206.43761435,201708
1503089100000,4015.4,4026.82,4015.4,4015.4,0.894922,3598.50512804,10,0.894922,3598.50512804,201708
1503089400000,4026.82,4026.82,4021.11,4021.11,0.89626,3605.27976568,14,0.809348,3255.79705336,201708
1503089700000,4026.81,4026.81,4021.11,4021.11,0.19589,787.7679414,5,0.19589,787.7679414,201708
1503090000000,4015.4,4015.4,3956.3,3956.3,2.851363,11321.79471206,14,0.2006,799.1027476,201708
1503090300000,3956.3,3985.89,3949.36,3985.89,1.649738,6533.27140074,15,1.649738,6533.27140074,201708
1503090600000,3985.89,3985.89,3971.09,3985.89,0.113266,450.47421674,3,0.113266,450.47421674,201708
1503090900000,3971.09,3985.88,3971.09,3985.88,0.956304,3805.77563129,9,0.834035,3318.53366629,201708
1503091200000,3985.89,4006.33,3985.89,4006.33,0.616734,2464.55059954,9,0.616734,2464.55059954,201708
1503091500000,4000.95,4000.95,3980.0,3982.87,0.94841,3785.46579057,13,0.700226,2792.68600065,201708
1503091800000,3982.87,3982.87,3981.43,3981.43,0.139209,554.35630983,3,0.073209,291.58192983,201708
1503092100000,3980.0,3980.0,3960.0,3960.0,0.145101,575.80198,3,0.145,575.4,201708
1503092400000,3956.3,3976.0,3938.77,3976.0,1.618487,6393.56573093,15,0.401071,1590.706216,201708
1503092700000,3966.69,3966.69,3966.69,3966.69,0.015948,63.26077212,1,0.015948,63.26077212,201708
1503093000000,3976.0,3976.0,3966.69,3975.69,1.523787,6057.60777803,20,1.523787,6057.60777803,201708
1503093300000,3975.69,3980.0,3972.33,3975.69,4.160284,16537.32335916,49,4.031142,16024.32669371,201708
1503093600000,3996.92,3996.92,3938.77,3996.92,4.56019,18142.84142488,17,2.49638,9977.8311496,201708
1503093900000,3996.92,4000.95,3996.92,4000.95,2.652729,10603.56772677,16,2.176554,8700.33434577,201708
1503094200000,4000.95,4061.18,4000.95,4061.18,2.771601,11100.6870087,19,2.539103,10170.4741356,201708
1503094500000,4061.0,4061.0,4061.0,4061.0,1.035123,4203.634503,11,1.035123,4203.634503,201708
1503094800000,4061.0,4061.0,4030.44,4061.0,6.270453,25430.85080308,19,6.270453,25430.85080308,201708
1503095100000,4061.0,4094.0,4030.44,4094.0,7.313429,29712.90349513,72,7.144465,29026.72461165,201708
1503095400000,4062.21,4131.83,4062.21,4101.35,1.540779,6331.57315173,10,1.540779,6331.57315173,201708
1503095700000,4088.41,4088.41,4088.41,4088.41,0.009228,37.72784748,2,0.009228,37.72784748,201708
1503096000000,4088.41,4088.41,4088.41,4088.41,0.0,0.0,0,0.0,0.0,201708
1503096300000,4088.41,4101.35,4064.76,4101.35,3.222676,13163.74964837,35,3.222043,13161.16298992,201708
1503096600000,4101.35,4101.35,4101.35,4101.35,0.026073,106.93449855,1,0.026073,106.93449855,201708
1503096900000,4099.01,4113.75,4099.01,4113.75,0.503924,2067.622515,7,0.503924,2067.622515,201708
1503097200000,4106.35,4106.35,4101.4,4101.4,0.334005,1370.31324765,7,0.334005,1370.31324765,201708
1503097500000,4099.01,4099.01,4087.59,4099.01,1.147536,4695.19653936,3,1.025536,4195.11731936,201708
1503097800000,4087.5,4101.4,4085.88,4101.4,1.228886,5031.0621984,15,1.110066,4545.3854484,201708
1503098100000,4099.01,4131.83,4099.01,4131.83,7.979175,32826.77569863,24,6.964919,28639.97330168,201708
1503098400000,4131.83,4136.48,4131.83,4135.47,3.740282,15460.84960841,16,2.6605,10999.37394735,201708
1503098700000,4118.41,4119.42,4104.96,4119.42,6.470667,26611.0379186,19,5.986467,24616.9037966,201708
1503099000000,4119.42,4120.42,4119.42,4120.42,3.386521,13951.54304082,24,2.537254,10453.00194068,201708
1503099300000,4120.42,4120.42,4120.42,4120.42,0.810544,3339.78170848,11,0.810544,3339.78170848,201708
1503099600000,4120.42,4120.42,4097.26,4120.42,4.65911,19106.16411624,10,4.362205,17887.96290124,201708
1503099900000,4120.42,4120.42,4115.48,4115.48,2.038813,8393.33532666,18,2.038813,8393.33532666,201708
1503100200000,4115.48,4115.48,4091.53,4115.0,9.432188,38744.25703149,35,7.875617,32375.50008786,201708
1503100500000,4115.0,4115.4,4108.37,4108.37,3.709109,15262.25077577,32,3.049105,12546.11090657,201708
1503100800000,4108.37,4108.37,4106.44,4106.44,1.827789,7507.5529638,15,1.710825,7027.19305948,201708
1503101100000,4104.36,4121.81,4097.94,4116.41,6.62939,27226.22072319,25,5.529755,22709.17392659,201708
1503101400000,4110.38,4111.39,4091.52,4110.38,5.875165,24110.1120632,29,5.240401,21512.01124068,201708
1503101700000,4110.38,4116.4,4100.0,4116.4,1.448261,5951.97881738,19,1.087263,4470.7637872,201708
1503102000000,4116.4,4132.04,4084.28,4090.81,3.879098,15889.84555952,14,2.630543,10782.24633692,201708
1503102300000,4132.04,4135.47,4125.44,4125.44,2.653949,10968.17389353,17,1.395511,5764.73096599,201708
1503102600000,4125.44,4125.44,4110.47,4125.44,1.209164,4988.10898216,10,0.954856,3939.20113664,201708
1503102900000,4120.0,4120.0,4115.23,4120.0,5.824895,23984.45641871,8,5.824895,23984.45641871,201708
1503103200000,4119.0,4120.0,4119.0,4120.0,3.11307,12823.05829,14,3.11307,12823.05829,201708
1503103500000,4120.0,4125.45,4115.0,4125.45,4.018618,16555.018576,14,3.438829,14165.397335,201708
1503103800000,4125.44,4178.31,4125.44,4178.31,3.742414,15534.41889696,22,2.31217,9604.34218484,201708
1503104100000,4163.49,4163.49,4142.78,4163.49,1.087064,4518.46236336,9,1.087064,4518.46236336,201708
1503104400000,4163.49,4178.31,4163.49,4178.31,0.194307,810.07051653,6,0.194307,810.07051653,201708
1503104700000,4160.71,4160.71,4143.11,4143.11,0.025788,107.12038948,2,0.015788,65.68928948,201708
1503105000000,4156.99,4156.99,4156.99,4156.99,1.227221,5101.54542479,12,1.077221,4477.99692479,201708
1503105300000,4156.99,4156.99,4156.99,4156.99,0.734825,3054.66017675,9,0.734825,3054.66017675,201708
1503105600000,4156.99,4156.99,4156.99,4156.99,0.004515,18.76880985,2,0.004515,18.76880985,201708
1503105900000,4156.99,4156.99,4156.99,4156.99,1.557652,6475.14378748,19,1.557652,6475.14378748,201708
1503106200000,4156.99,4184.68,4156.99,4184.68,0.622698,2598.65443686,7,0.364936,1527.14038048,201708
1503106500000,4184.68,4184.69,4170.59,4181.66,8.028428,33553.05514421,24,6.601101,27580.14126216,201708
1503106800000,4181.66,4181.66,4176.65,4176.65,1.494031,6246.98054039,16,1.494031,6246.98054039,201708
1503107100000,4159.88,4183.16,4159.88,4183.16,5.903449,24616.55491088,14,5.392054,22480.63698413,201708
1503107400000,4183.16,4183.16,4154.41,4167.61,5.609541,23340.09906733,19,5.022569,20890.93169837,201708
1503107700000,4167.61,4167.61,4148.53,4148.53,3.432722,14274.31672738,16,3.432722,14274.31672738,201708
1503108000000,4148.53,4149.49,4148.53,4149.49,1.983821,8230.51951073,9,1.638529,6798.06528997,201708
1503108300000,4149.49,4152.55,4149.49,4152.55,1.3569,5633.13097374,8,0.658471,2732.86962979,201708
1503108600000,4152.55,4152.55,4151.02,4152.55,4.268433,17720.29807752,7,4.268433,17720.29807752,201708
1503108900000,4152.55,4168.07,4152.55,4168.07,3.239455,13464.04377705,12,2.528486,10511.7094561,201708
1503109200000,4168.07,4168.07,4168.07,4168.07,2.200059,9169.99991613,23,0.906097,3776.67572279,201708
1503109500000,4158.77,4168.07,4158.77,4168.07,0.299291,1246.82413837,5,0.299291,1246.82413837,201708
1503109800000,4168.07,4170.02,4156.39,4170.0,1.880131,7832.15392198,22,1.612424,6716.33240649,201708
1503110100000,4163.19,4170.0,4163.19,4170.0,2.454442,10224.91026276,22,2.225496,9271.76456502,201708
1503110400000,4163.19,4170.0,4163.19,4170.0,0.691945,2885.39488485,7,0.691945,2885.39488485,201708
1503110700000,4170.19,4184.0,4170.19,4184.0,0.075794,316.376356,2,0.075794,316.376356,201708
1503111000000,4184.0,4184.0,4184.0,4184.0,0.204203,854.385352,3,0.204203,854.385352,201708
1503111300000,4156.39,4156.39,4156.39,4156.39,0.1,415.639,1,0.0,0.0,201708
1503111600000,4156.39,4156.39,4156.39,4156.39,0.0,0.0,0,0.0,0.0,201708
1503111900000,4180.0,4180.0,4156.39,4156.39,0.031934,132.92639068,5,0.011934,49.79859068,201708
1503112200000,4142.78,4155.56,4131.19,4155.56,0.391815,1622.4290434,6,0.270815,1121.1526634,201708
1503112500000,4149.17,4155.56,4120.0,4140.0,4.943839,20415.55230472,24,4.463096,18434.88203272,201708
1503112800000,4140.0,4157.65,4138.0,4157.65,2.510042,10402.80502647,26,2.116071,8772.55302847,201708
1503113100000,4156.0,4157.65,4156.0,4156.0,0.712218,2960.09413335,16,0.471103,1958.02019335,201708
1503113400000,4121.0,4130.34,4103.52,4116.41,1.068003,4390.95598038,7,0.073365,302.7142625,201708
1503113700000,4116.0,4116.0,4116.0,4116.0,0.450533,1854.393828,1,0.450533,1854.393828,201708
1503114000000,4116.0,4116.0,4116.0,4116.0,0.0,0.0,0,0.0,0.0,201708
1503114300000,4143.25,4143.25,4143.25,4143.25,0.006752,27.975224,1,0.006752,27.975224,201708
1503114600000,4143.0,4156.0,4125.69,4138.55,8.371461,34650.59191617,18,8.117521,33598.13504677,201708
1503114900000,4125.44,4138.55,4125.44,4138.55,1.125323,4645.64473657,18,1.091912,4507.80966073,201708
1503115200000,4138.5,4138.55,4110.06,4138.55,2.480263,10261.09435275,12,2.358263,9759.66703275,201708
1503115500000,4138.55,4156.0,4134.0,4156.0,5.440977,22545.75110295,24,5.254448,21773.79151,201708
1503115800000,4156.0,4156.0,4156.0,4156.0,1.532081,6367.328636,11,1.532081,6367.328636,201708
1503116100000,4134.0,4156.0,4134.0,4156.0,0.267155,1107.37018,7,0.267155,1107.37018,201708
1503116400000,4146.0,4146.0,4146.0,4146.0,0.077475,321.21135,2,0.010875,45.08775,201708
1503116700000,4112.0,4156.0,4076.63,4130.0,5.16273,21192.78317901,18,1.247325,5154.375674,201708
1503117000000,4130.0,4130.0,4130.0,4130.0,0.074611,308.14343,3,0.074611,308.14343,201708
1503117300000,4105.38,4105.38,4057.96,4057.96,1.004001,4075.68811796,3,0.0,0.0,201708
1503117600000,4092.63,4140.0,4092.63,4140.0,0.373906,1535.70201,5,0.373906,1535.70201,201708
1503117900000,4140.0,4140.0,4140.0,4140.0,0.129037,534.21318,2,0.129037,534.21318,201708
1503118200000,4092.04,4092.04,4092.04,4092.04,0.072,294.62688,1,0.072,294.62688,201708
1503118500000,4046.26,4068.63,4046.26,4068.26,0.738996,2999.85973247,10,0.346123,1408.15022149,201708
1503118800000,4123.95,4123.95,4122.0,4122.0,0.152395,628.20384045,2,0.152395,628.20384045,201708
1503119100000,4120.0,4122.0,4120.0,4122.0,1.323968,5455.469876,8,1.323968,5455.469876,201708
1503119400000,4122.0,4122.0,4122.0,4122.0,1.542472,6358.069584,5,1.502978,6195.275316,201708
1503119700000,4122.0,4123.95,4122.0,4123.95,4.032523,16624.1061438,13,4.024616,16591.5134898,201708
1503120000000,4111.38,4111.38,4084.11,4084.11,0.732675,3003.7464581,9,0.501249,2058.13191082,201708
1503120300000,4084.11,4084.11,4047.71,4047.71,0.768371,3132.37286481,4,0.618371,2525.21636481,201708
1503120600000,4047.71,4047.71,4027.83,4027.83,2.323305,9371.93474925,7,0.096417,390.26805507,201708
1503120900000,4039.71,4082.27,4039.71,4048.65,0.264662,1072.46462122,6,0.251825,1020.25256275,201708
1503121200000,4082.0,4082.0,4082.0,4082.0,0.195033,796.124706,1,0.195033,796.124706,201708
1503121500000,4077.0,4077.0,4064.57,4077.0,0.645437,2627.680359,6,0.645437,2627.680359,201708
1503121800000,4077.0,4077.0,4077.0,4077.0,0.027535,112.260195,3,0.027535,112.260195,201708
1503122100000,4077.0,4077.0,4077.0,4077.0,0.505818,2062.219986,2,0.167846,684.308142,201708
1503122400000,4077.0,4077.0,4077.0,4077.0,2.322489,9468.787653,3,0.0,0.0,201708
1503122700000,4077.0,4078.32,4064.57,4064.57,14.033725,57203.519409,28,1.325335,5394.05386579,201708
1503123000000,4062.19,4062.19,4026.34,4061.0,4.205369,17030.14865646,17,4.169343,16885.09573162,201708
1503123300000,4080.0,4082.0,4060.36,4082.0,6.019109,24503.72641288,18,5.990651,24387.61777288,201708
1503123600000,4070.43,4082.0,4040.25,4050.0,6.324402,25606.23867846,12,5.815466,23545.04787846,201708
1503123900000,4054.16,4067.09,4045.59,4045.59,6.137546,24878.74854531,16,5.673333,22996.75476923,201708
1503124200000,4064.85,4064.85,4052.59,4052.59,2.052837,8335.39933321,14,1.058491,4296.96752909,201708
1503124500000,4048.23,4048.23,4046.1,4046.12,5.700008,23064.77351236,21,5.238127,21195.83309641,201708
1503124800000,4046.12,4046.12,4033.47,4033.47,2.375814,9605.25500363,12,0.913826,3689.90535683,201708
1503125100000,4030.0,4033.47,4019.98,4033.47,0.656873,2645.47136906,12,0.530787,2137.34478906,201708
1503125400000,4019.98,4033.47,4019.98,4033.47,0.140179,564.74767147,5,0.140179,564.74767147,201708
1503125700000,4001.0,4001.0,3986.87,3986.87,1.48708,5942.81536,9,0.42,1674.4854,201708
1503126000000,3969.12,3970.83,3933.21,3933.21,1.131057,4478.91852356,9,0.814993,3231.24777812,201708
1503126300000,3940.0,3986.87,3940.0,3986.87,4.50655,17878.18803296,14,4.040404,16027.88125162,201708
1503126600000,3951.14,3999.14,3951.14,3999.14,2.41812,9640.96381272,24,0.852137,3398.98663951,201708
1503126900000,3998.98,3999.0,3998.98,3999.0,0.519662,2078.12678164,11,0.187687,750.55875664,201708
1503127200000,3999.15,3999.15,3970.0,3999.15,0.45338,1805.788827,5,0.20138,805.348827,201708
1503127500000,3999.15,3999.15,3999.15,3999.15,0.0,0.0,0,0.0,0.0,201708
1503127800000,3999.15,4019.01,3999.15,4001.91,6.113129,24470.15587989,16,6.040479,24179.61763239,201708
1503128100000,4001.91,4015.77,3984.51,4004.96,5.758384,23009.4518564,20,4.890972,19533.28900298,201708
1503128400000,4004.96,4005.97,4002.0,4005.97,5.165354,20682.67328104,20,3.932674,15746.7452984,201708
1503128700000,4005.97,4005.97,3977.19,4005.97,1.569113,6264.46521875,6,0.827126,3313.44194222,201708
1503129000000,4005.97,4033.46,4005.97,4021.03,1.823752,7333.12450402,20,1.127786,4536.79490016,201708
1503129300000,4021.03,4033.47,4021.03,4033.47,1.970721,7934.84034875,17,1.314357,5295.58101383,201708
1503129600000,4033.47,4045.7,4033.47,4045.7,4.099622,16566.60894033,18,3.554047,14366.04854508,201708
1503129900000,4045.7,4064.84,4023.88,4048.13,1.993464,8056.66535404,18,1.786237,7222.80877328,201708
1503130200000,4048.13,4048.13,4028.18,4048.13,5.417535,21873.16127462,28,4.312814,17401.14628173,201708
1503130500000,4048.13,4048.13,4039.85,4039.85,1.307828,5286.58226788,9,0.926992,3744.9086312,201708
1503130800000,4039.85,4039.85,4035.08,4035.08,0.061266,247.45470207,3,0.061266,247.45470207,201708
1503131100000,4035.08,4035.08,4035.08,4035.08,0.0,0.0,0,0.0,0.0,201708
1503131400000,4013.89,4035.08,4013.89,4013.89,1.302125,5227.05532381,13,0.022124,89.27210992,201708
1503131700000,4013.89,4013.89,4013.89,4013.89,0.01984,79.6355776,2,0.01984,79.6355776,201708
1503132000000,4014.47,4014.47,4014.47,4014.47,0.006461,25.93749067,1,0.006461,25.93749067,201708
1503132300000,4000.0,4000.0,4000.0,4000.0,0.212,848.0,3,0.0,0.0,201708
1503132600000,4000.0,4000.0,3964.08,3965.08,3.518002,13975.46633016,14,0.0,0.0,201708
1503132900000,3999.0,3999.0,3975.54,3999.0,0.068262,272.651298,3,0.068262,272.651298,201708
1503133200000,3999.0,3999.0,3999.0,3999.0,0.0,0.0,0,0.0,0.0,201708
1503133500000,3999.0,4007.23,3999.0,4007.23,0.770287,3082.89215709,6,0.631402,2526.34801854,201708
1503133800000,4014.47,4020.02,4010.01,4020.02,1.466394,5890.409814,8,0.226471,909.45438092,201708
1503134100000,4020.02,4035.0,4014.72,4035.0,0.219223,881.77113544,6,0.218201,877.662675,201708
1503134400000,4035.0,4035.0,4035.0,4035.0,0.604431,2438.879085,7,0.604431,2438.879085,201708
1503134700000,4021.04,4036.08,4021.04,4021.04,1.101627,4436.98398268,6,1.101627,4436.98398268,201708
1503135000000,4021.04,4021.04,4021.04,4021.04,0.0,0.0,0,0.0,0.0,201708
1503135300000,4049.74,4054.72,4049.74,4054.72,0.094167,381.80504658,2,0.003167,12.82552658,201708
1503135600000,4054.72,4082.25,4054.72,4082.25,0.910361,3710.605859,12,0.634268,2589.104793,201708
1503135900000,4082.25,4082.25,4082.25,4082.25,0.0,0.0,0,0.0,0.0,201708
1503136200000,4068.2,4068.2,4068.2,4068.2,0.017733,72.1413906,1,0.017733,72.1413906,201708
1503136500000,4068.2,4068.2,4068.2,4068.2,0.0,0.0,0,0.0,0.0,201708
1503136800000,4054.0,4054.0,4054.0,4054.0,0.030628,124.165912,1,0.0,0.0,201708
1503137100000,4054.0,4054.0,4054.0,4054.0,0.0,0.0,0,0.0,0.0,201708
1503137400000,4015.37,4054.0,4015.37,4054.0,0.642268,2584.787142,8,0.092372,374.476088,201708
1503137700000,4054.0,4082.0,4033.51,4033.51,2.513059,10178.63631267,17,2.27539,9208.47145467,201708
1503138000000,4033.51,4033.51,4033.51,4033.51,0.538902,2173.66660602,5,0.538902,2173.66660602,201708
1503138300000,4000.58,4000.58,4000.58,4000.58,0.169,676.09802,2,0.0,0.0,201708
1503138600000,4033.0,4033.0,4033.0,4033.0,0.106219,428.381227,1,0.0,0.0,201708
1503138900000,4033.0,4033.0,4033.0,4033.0,0.0,0.0,0,0.0,0.0,201708
1503139200000,4000.58,4008.28,3982.08,3982.08,0.197801,790.7438449,6,0.001816,7.27903648,201708
1503139500000,4000.1,4000.58,4000.1,4000.1,0.211,844.07726,3,0.210994,844.0532594,201708
1503139800000,4000.1,4000.1,4000.1,4000.1,0.0,0.0,0,0.0,0.0,201708
1503140100000,3992.28,4000.58,3992.28,4000.58,1.477954,5909.30341332,16,1.168692,4672.07604136,201708
1503140400000,4016.0,4033.0,4000.0,4016.01,1.553983,6237.41342476,20,1.255651,5037.09973276,201708
1503140700000,4016.01,4016.01,3969.07,3969.07,3.265677,13057.45230177,34,3.21085,12837.88502902,201708
1503141000000,3995.92,4007.97,3994.96,3998.95,1.13481,4539.34497907,8,0.805533,3223.58042923,201708
1503141300000,3984.01,4007.97,3952.11,3952.11,10.733954,42821.76924626,24,7.049956,28172.36440068,201708
1503141600000,3978.03,3990.71,3952.08,3990.71,5.240148,20839.9032026,45,3.208079,12798.60191257,201708
1503141900000,3990.71,4003.96,3951.14,3960.76,6.578773,26183.06711567,21,2.273923,9099.70625885,201708
1503142200000,3981.81,4002.87,3933.21,3972.12,3.849286,15221.45780331,19,1.427347,5669.31848932,201708
1503142500000,3972.12,3972.12,3907.52,3970.92,2.07137,8153.63985757,18,1.093539,4324.0346826,201708
1503142800000,3900.0,3970.9,3882.59,3970.58,4.58987,17906.59329534,12,0.724061,2858.62215474,201708
1503143100000,3920.59,3970.56,3850.0,3903.79,5.097792,19809.2196942,25,1.661789,6539.54402704,201708
1503143400000,3942.05,3942.05,3896.02,3942.04,2.497533,9806.81464877,19,2.497533,9806.81464877,201708
1503143700000,3942.04,3957.6,3940.0,3957.6,1.565387,6175.1257772,17,0.527814,2085.00733088,201708
1503144000000,3945.12,3945.12,3945.12,3945.12,0.234426,924.83870112,1,0.234426,924.83870112,201708
1503144300000,3945.12,3945.12,3945.12,3945.12,0.0,0.0,0,0.0,0.0,201708
1503144600000,3940.76,3971.12,3940.76,3968.35,0.675635,2675.97124586,7,0.675635,2675.97124586,201708
1503144900000,3987.71,3987.71,3945.12,3945.12,0.310594,1225.99841437,7,0.029415,116.18467597,201708
1503145200000,3928.89,4002.88,3928.89,4002.88,2.595382,10308.27796671,22,1.862309,7402.41245745,201708
1503145500000,4021.01,4033.0,3981.5,4033.0,2.592574,10422.6604756,26,1.519416,6104.20291779,201708
1503145800000,3999.96,4049.91,3991.51,4033.0,1.870427,7523.08656411,22,1.589188,6388.84967711,201708
1503146100000,4012.25,4057.8,4012.25,4046.83,1.795524,7252.46040063,19,1.389415,5608.8296114,201708
1503146400000,4045.69,4095.0,4044.56,4082.0,7.275051,29530.70647235,34,4.13372,16743.70461771,201708
1503146700000,4095.0,4095.0,4090.25,4095.0,2.651395,10846.22364975,18,2.651395,10846.22364975,201708
1503147000000,4090.25,4095.0,4075.64,4075.64,1.682091,6884.23961664,12,1.241838,5085.32661,201708
1503147300000,4095.0,4095.0,4085.32,4095.0,0.547885,2242.6136698,5,0.547885,2242.6136698,201708
1503147600000,4095.0,4100.0,4095.0,4100.0,0.316129,1295.172045,5,0.229033,938.513925,201708
1503147900000,4100.0,4100.0,4059.92,4059.92,0.172327,701.32809934,3,0.049327,201.95793934,201708
1503148200000,4059.92,4059.92,4059.92,4059.92,0.0,0.0,0,0.0,0.0,201708
1503148500000,4059.92,4059.92,4059.92,4059.92,0.0,0.0,0,0.0,0.0,201708
1503148800000,4059.92,4059.92,4059.92,4059.92,0.0,0.0,0,0.0,0.0,201708
1503149100000,4097.0,4100.0,4059.93,4059.93,4.776367,19550.842132,6,4.280367,17537.116852,201708
1503149400000,4059.92,4099.78,4059.92,4099.78,3.079528,12505.01772308,20,2.264506,9196.08952463,201708
1503149700000,4095.75,4095.75,4070.92,4095.74,1.630187,6667.34792675,12,1.630187,6667.34792675,201708
1503150000000,4083.27,4083.27,4066.21,4066.21,0.294531,1199.66213447,3,0.294531,1199.66213447,201708
1503150300000,4066.21,4066.21,4066.21,4066.21,0.0,0.0,0,0.0,0.0,201708
1503150600000,4066.21,4066.21,4066.21,4066.21,0.0,0.0,0,0.0,0.0,201708
1503150900000,4053.38,4053.38,4035.49,4039.84,2.436595,9841.96448315,5,0.033,133.31472,201708
1503151200000,4066.0,4066.0,4013.7,4013.7,0.92421,3724.57274,8,0.45421,1838.13374,201708
1503151500000,4030.28,4030.28,4030.28,4030.28,0.092,370.78576,2,0.092,370.78576,201708
1503151800000,4066.0,4066.0,4037.21,4037.21,0.193161,781.937826,2,0.073161,297.472626,201708
1503152100000,4066.0,4068.31,4045.19,4045.19,0.67828,2758.48699317,3,0.67828,2758.48699317,201708
1503152400000,4045.19,4045.19,4045.19,4045.19,0.0,0.0,0,0.0,0.0,201708
1503152700000,4045.0,4045.0,4027.21,4027.21,0.157794,635.8040979,3,0.018804,76.06218,201708
1503153000000,4045.0,4045.0,4045.0,4045.0,0.016962,68.61129,1,0.016962,68.61129,201708
1503153300000,4045.0,4045.0,4045.0,4045.0,1.590717,6434.450265,4,1.558917,6305.819265,201708
1503153600000,4039.78,4045.19,4039.78,4045.19,0.010665,43.11065991,2,0.004881,19.74457239,201708
1503153900000,4045.16,4045.16,4039.78,4039.78,0.176842,714.41690264,2,0.002626,10.62259016,201708
1503154200000,4039.78,4039.78,4039.78,4039.78,0.0,0.0,0,0.0,0.0,201708
1503154500000,4029.68,4042.41,4029.68,4042.41,0.493795,1992.3041414,7,0.493795,1992.3041414,201708
1503154800000,4036.59,4063.44,4036.59,4063.44,2.95891,11967.50964936,10,2.926967,11838.38294673,201708
1503155100000,4045.19,4063.44,4045.19,4063.44,0.697633,2825.90579642,9,0.317934,1289.95119861,201708
1503155400000,4045.38,4049.7,4040.23,4049.7,1.266111,5122.12962429,12,1.074157,4345.81585362,201708
1503155700000,4049.7,4049.7,4040.23,4040.23,0.126632,512.69707736,4,0.019405,78.58425053,201708
1503156000000,4031.06,4031.06,4031.06,4031.06,0.847165,3414.9729449,4,0.847165,3414.9729449,201708
1503156300000,4030.78,4030.78,4016.96,4016.96,0.392442,1580.77029476,6,0.097398,392.58900044,201708
1503156600000,4016.96,4016.96,4016.96,4016.96,0.0,0.0,0,0.0,0.0,201708
1503156900000,3995.63,3995.63,3995.62,3995.63,0.265001,1058.84454562,4,0.080895,323.22648885,201708
1503157200000,3991.51,3991.51,3991.51,3991.51,0.017,67.85567,1,0.0,0.0,201708
1503157500000,3991.51,3991.51,3964.67,3977.85,0.430782,1713.3216987,5,0.322782,1282.2386187,201708
1503157800000,3977.85,3977.85,3977.85,3977.85,0.075218,299.2059213,1,0.075218,299.2059213,201708
1503158100000,3977.85,3977.85,3972.05,3972.05,1.16761,4637.8311727,3,0.003609,14.35606065,201708
1503158400000,3972.05,3972.05,3972.05,3972.05,0.0,0.0,0,0.0,0.0,201708
1503158700000,4036.19,4036.19,4023.04,4023.04,0.010418,42.03691627,2,0.010418,42.03691627,201708
1503159000000,4049.69,4049.69,4049.69,4049.69,0.066,267.27954,1,0.066,267.27954,201708
1503159300000,3994.33,4049.69,3994.33,4049.69,0.758275,3045.40808939,6,0.394274,1591.46797506,201708
1503159600000,4049.69,4049.69,4049.69,4049.69,0.0,0.0,0,0.0,0.0,201708
1503159900000,4007.98,4049.69,4007.98,4049.69,0.173638,698.31934675,3,0.173638,698.31934675,201708
1503160200000,4049.69,4049.69,4009.92,4023.85,0.371708,1499.4705069,4,0.371708,1499.4705069,201708
1503160500000,4000.98,4000.98,4000.98,4000.98,0.009417,37.67722866,1,0.009417,37.67722866,201708
1503160800000,3961.28,3961.28,3953.4,3953.41,1.000274,3957.08364222,3,0.0,0.0,201708
1503161100000,3989.99,3989.99,3989.99,3989.99,0.010912,43.53877088,1,0.010912,43.53877088,201708
1503161400000,3977.19,4000.98,3977.19,3988.59,0.721918,2879.07917964,11,0.721918,2879.07917964,201708
1503161700000,4000.0,4000.0,3976.7,4000.0,0.961617,3837.6606,7,0.961617,3837.6606,201708
1503162000000,3985.0,3985.0,3985.0,3985.0,0.115661,460.909085,3,0.115661,460.909085,201708
1503162300000,3976.85,3977.0,3976.85,3977.0,0.542363,2156.958751,5,0.542363,2156.958751,201708
1503162600000,3977.0,4000.98,3976.72,4000.98,0.998092,3971.5611448,5,0.322747,1285.89730564,201708
1503162900000,4000.98,4000.98,4000.98,4000.98,0.0,0.0,0,0.0,0.0,201708
1503163200000,4000.98,4000.98,4000.98,4000.98,0.494,1976.48412,1,0.494,1976.48412,201708
1503163500000,4000.98,4000.98,4000.98,4000.98,0.044585,178.3836933,1,0.044585,178.3836933,201708
1503163800000,4000.98,4048.99,4000.98,4048.99,0.664673,2672.69798517,4,0.664673,2672.69798517,201708
1503164100000,4027.37,4027.37,4027.37,4027.37,0.098,394.68226,2,0.0,0.0,201708
1503164400000,4027.37,4027.37,4027.37,4027.37,0.092001,370.52206737,1,0.0,0.0,201708
1503164700000,4027.37,4027.37,4014.17,4027.37,0.020173,81.04613501,3,0.020173,81.04613501,201708
1503165000000,4027.37,4027.37,4027.37,4027.37,0.0,0.0,0,0.0,0.0,201708
1503165300000,4027.37,4027.37,4027.37,4027.37,0.0,0.0,0,0.0,0.0,201708
1503165600000,4027.37,4027.37,4027.37,4027.37,0.0,0.0,0,0.0,0.0,201708
1503165900000,4013.69,4046.12,4013.69,4046.12,6.945261,27969.91217781,12,5.558429,22358.62348597,201708
1503166200000,4046.12,4046.13,4016.85,4046.13,7.172798,29018.96934557,23,5.66364,22915.77747681,201708
1503166500000,4050.0,4066.2,4050.0,4066.2,1.021675,4141.12713814,10,0.781222,3167.29248814,201708
1503166800000,4050.14,4051.48,4050.14,4051.48,1.694679,6865.10897265,17,1.418287,5745.31231249,201708
1503167100000,4042.05,4079.0,4042.05,4079.0,0.29381,1193.86644295,7,0.29381,1193.86644295,201708
1503167400000,4079.0,4079.0,4078.0,4078.0,0.009153,37.329493,2,0.009153,37.329493,201708
1503167700000,4096.0,4096.0,4096.0,4096.0,0.007532,30.851072,2,0.007532,30.851072,201708
1503168000000,4078.46,4078.46,4078.46,4078.46,0.000751,3.06292346,1,0.000751,3.06292346,201708
1503168300000,4078.46,4078.46,4078.46,4078.46,0.0,0.0,0,0.0,0.0,201708
1503168600000,4086.29,4086.29,4086.29,4086.29,0.002543,10.39143547,1,0.002543,10.39143547,201708
1503168900000,4086.29,4086.29,4086.29,4086.29,0.0,0.0,0,0.0,0.0,201708
1503169200000,4073.47,4089.0,4073.47,4089.0,0.715959,2922.027671,9,0.715959,2922.027671,201708
1503169500000,4089.0,4103.92,4089.0,4103.92,0.569026,2329.83999128,5,0.523026,2141.74599128,201708
1503169800000,4103.92,4103.92,4089.01,4089.01,0.19249,789.85786381,4,0.19249,789.85786381,201708
1503170100000,4089.01,4089.01,4089.01,4089.01,0.0,0.0,0,0.0,0.0,201708
1503170400000,4089.01,4089.01,4089.01,4089.01,0.137927,563.98488227,2,0.0,0.0,201708
1503170700000,4089.01,4089.01,4089.01,4089.01,0.0,0.0,0,0.0,0.0,201708
1503171000000,4088.71,4088.71,4088.71,4088.71,0.006217,25.41951007,1,0.006217,25.41951007,201708
1503171300000,4088.71,4088.71,4088.71,4088.71,0.0,0.0,0,0.0,0.0,201708
1503171600000,4088.71,4088.71,4088.71,4088.71,0.0,0.0,0,0.0,0.0,201708
1503171900000,4076.12,4076.12,4076.12,4076.12,0.00151,6.1549412,1,0.00151,6.1549412,201708
1503172200000,4076.12,4076.12,4076.12,4076.12,0.0,0.0,0,0.0,0.0,201708
1503172500000,4076.12,4076.12,4076.12,4076.12,0.0,0.0,0,0.0,0.0,201708
1503172800000,4088.71,4089.01,4051.47,4089.01,0.553,2258.78465,5,0.491,2007.59351,201708
1503173100000,4103.92,4103.92,4097.92,4097.92,0.016525,67.753876,3,0.015958,65.43035536,201708
1503173400000,4097.92,4097.92,4097.92,4097.92,0.0,0.0,0,0.0,0.0,201708
1503173700000,4103.92,4103.92,4051.47,4051.47,0.08851,360.0471092,3,0.02351,96.4831592,201708
1503174000000,4069.66,4069.66,4069.66,4069.66,0.123,500.56818,1,0.0,0.0,201708
1503174300000,4069.66,4069.66,4069.66,4069.66,0.0,0.0,0,0.0,0.0,201708
1503174600000,4069.66,4069.66,4069.66,4069.66,0.0,0.0,0,0.0,0.0,201708
1503174900000,4069.66,4069.66,4069.66,4069.66,0.0,0.0,0,0.0,0.0,201708
1503175200000,4062.39,4073.31,4051.47,4073.31,0.382,1550.66454,3,0.076,309.57156,201708
1503175500000,4073.31,4099.0,4063.13,4075.98,0.687989,2802.20112421,10,0.268163,1093.44128428,201708
1503175800000,4052.96,4075.98,4052.96,4059.98,0.873594,3542.78481212,7,0.256594,1042.10849212,201708
1503176100000,4075.98,4075.98,4075.98,4075.98,0.262952,1071.78709296,2,0.262952,1071.78709296,201708
1503176400000,4075.98,4075.98,4075.98,4075.98,0.099641,406.13472318,3,0.099641,406.13472318,201708
1503176700000,4075.98,4075.98,4075.98,4075.98,0.200001,815.20007598,1,0.200001,815.20007598,201708
1503177000000,4090.0,4090.0,4090.0,4090.0,0.250002,1022.50818,2,0.250002,1022.50818,201708
1503177300000,4090.0,4090.0,4090.0,4090.0,1.138058,4654.65722,8,1.138058,4654.65722,201708
1503177600000,4090.0,4090.0,4090.0,4090.0,0.003567,14.58903,1,0.003567,14.58903,201708
1503177900000,4090.0,4149.98,4090.0,4149.98,0.937314,3834.96541116,4,0.937314,3834.96541116,201708
1503178200000,4149.98,4149.98,4149.98,4149.98,0.0,0.0,0,0.0,0.0,201708
1503178500000,4149.99,4149.99,4149.99,4149.99,0.616481,2558.38998519,3,0.616481,2558.38998519,201708
1503178800000,4149.99,4149.99,4149.99,4149.99,0.119259,494.92365741,3,0.119259,494.92365741,201708
1503179100000,4141.51,4141.51,4141.51,4141.51,0.001871,7.74876521,1,0.001871,7.74876521,201708
1503179400000,4075.0,4075.0,4075.0,4075.0,0.123,501.225,2,0.113,460.475,201708
1503179700000,4090.0,4090.0,4074.23,4074.23,0.463,1890.3583,7,0.0,0.0,201708
1503180000000,4090.0,4141.0,4090.0,4141.0,0.347415,1422.956793,6,0.215793,884.622813,201708
1503180300000,4140.99,4140.99,4102.09,4140.0,0.25489,1053.39693321,7,0.25489,1053.39693321,201708
1503180600000,4139.99,4139.99,4139.99,4139.99,0.015515,64.23194485,1,0.015515,64.23194485,201708
1503180900000,4139.98,4139.98,4101.59,4101.59,0.233894,959.48678212,4,0.233894,959.48678212,201708
1503181200000,4139.98,4139.98,4139.98,4139.98,0.208444,862.95399112,1,0.208444,862.95399112,201708
1503181500000,4139.98,4139.98,4139.98,4139.98,0.016895,69.9449621,2,0.016895,69.9449621,201708
1503181800000,4139.98,4139.98,4139.98,4139.98,0.0,0.0,0,0.0,0.0,201708
1503182100000,4139.98,4139.98,4120.78,4139.98,0.689869,2851.57026262,8,0.689869,2851.57026262,201708
1503182400000,4120.78,4139.98,4120.78,4139.98,0.513897,2121.61375326,3,0.513897,2121.61375326,201708
1503182700000,4120.78,4139.98,4120.78,4139.98,0.065731,271.59280138,2,0.038011,157.36477978,201708
1503183000000,4120.78,4120.78,4120.78,4120.78,0.008579,35.35217162,1,0.008579,35.35217162,201708
1503183300000,4139.98,4139.98,4139.98,4139.98,0.002968,12.28746064,1,0.002968,12.28746064,201708
1503183600000,4120.78,4139.98,4120.78,4139.98,0.028098,116.02669404,2,0.028098,116.02669404,201708
1503183900000,4139.98,4139.98,4139.98,4139.98,0.0,0.0,0,0.0,0.0,201708
1503184200000,4139.98,4139.98,4139.98,4139.98,0.012702,52.58602596,1,0.012702,52.58602596,201708
1503184500000,4139.5,4139.98,4139.5,4139.98,0.011444,47.37515192,4,0.011444,47.37515192,201708
1503184800000,4139.98,4139.98,4139.98,4139.98,0.0,0.0,0,0.0,0.0,201708
1503185100000,4139.98,4139.98,4139.98,4139.98,0.0,0.0,0,0.0,0.0,201708
1503185400000,4139.98,4139.98,4139.98,4139.98,0.0,0.0,0,0.0,0.0,201708
1503185700000,4139.98,4139.98,4139.98,4139.98,0.0,0.0,0,0.0,0.0,201708
1503186000000,4139.98,4139.98,4139.98,4139.98,0.0,0.0,0,0.0,0.0,201708
1503186300000,4139.98,4139.98,4139.98,4139.98,0.000455,1.8836909,1,0.000455,1.8836909,201708
1503186600000,4139.98,4139.98,4139.98,4139.98,0.0,0.0,0,0.0,0.0,201708
1503186900000,4139.98,4139.98,4139.98,4139.98,0.0,0.0,0,0.0,0.0,201708
1503187200000,4139.98,4139.98,4139.98,4139.98,0.0,0.0,0,0.0,0.0,201708
1503187500000,4120.98,4139.98,4120.98,4124.69,0.639385,2639.7352465,5,0.639385,2639.7352465,201708
1503187800000,4102.0,4102.0,4090.0,4090.0,0.145942,598.43676,3,0.013942,57.02278,201708
1503188100000,4053.5,4096.33,4044.0,4096.33,1.546908,6312.8033851,15,1.50607,6147.6545131,201708
1503188400000,4096.33,4096.33,4096.33,4096.33,0.0,0.0,0,0.0,0.0,201708
1503188700000,4096.33,4096.33,4096.33,4096.33,0.0,0.0,0,0.0,0.0,201708
1503189000000,4096.33,4096.33,4096.33,4096.33,0.0,0.0,0,0.0,0.0,201708
1503189300000,4096.33,4096.33,4096.33,4096.33,0.0,0.0,0,0.0,0.0,201708
1503189600000,4095.33,4095.33,4095.33,4095.33,0.005823,23.84710659,1,0.005823,23.84710659,201708
1503189900000,4095.33,4095.33,4095.33,4095.33,0.0,0.0,0,0.0,0.0,201708
1503190200000,4095.33,4095.33,4095.33,4095.33,0.0,0.0,0,0.0,0.0,201708
1503190500000,4086.09,4086.09,4086.09,4086.09,0.005866,23.96900394,1,0.005866,23.96900394,201708
1503190800000,4086.09,4086.09,4086.09,4086.09,0.0,0.0,0,0.0,0.0,201708
1503191100000,4086.09,4086.09,4086.09,4086.09,0.075272,307.56816648,1,0.0,0.0,201708
1503191400000,4069.76,4069.76,4069.76,4069.76,0.001592,6.47905792,2,0.000668,2.71859968,201708
1503191700000,4068.12,4069.76,4068.12,4069.76,0.077,313.30264,2,0.077,313.30264,201708
1503192000000,4069.76,4086.09,4066.49,4086.09,0.727825,2964.76083936,12,0.604961,2462.8254776,201708
1503192300000,4082.53,4082.53,4082.53,4082.53,0.08269,337.5844057,3,0.08269,337.5844057,201708
1503192600000,4069.98,4069.98,4069.98,4069.98,0.049848,202.88036304,1,0.049848,202.88036304,201708
1503192900000,4069.98,4069.98,4069.98,4069.98,0.0,0.0,0,0.0,0.0,201708
1503193200000,4052.82,4052.82,4052.82,4052.82,0.04,162.1128,1,0.0,0.0,201708
1503193500000,4082.53,4082.53,4082.53,4082.53,0.006924,28.26743772,1,0.006924,28.26743772,201708
1503193800000,4082.53,4082.53,4082.53,4082.53,0.0,0.0,0,0.0,0.0,201708
1503194100000,4082.53,4082.53,4082.53,4082.53,0.0,0.0,0,0.0,0.0,201708
1503194400000,4082.53,4082.53,4082.53,4082.53,0.0,0.0,0,0.0,0.0,201708
1503194700000,4082.53,4082.53,4082.53,4082.53,0.0,0.0,0,0.0,0.0,201708
1503195000000,4096.33,4096.33,4096.33,4096.33,0.256541,1050.87659453,3,0.256541,1050.87659453,201708
1503195300000,4090.13,4112.03,4090.13,4112.03,0.378857,1553.18474971,4,0.378857,1553.18474971,201708
1503195600000,4112.03,4112.03,4112.03,4112.03,0.085872,353.10824016,1,0.085872,353.10824016,201708
1503195900000,4112.03,4112.03,4090.13,4112.03,0.667359,2738.44052877,10,0.667359,2738.44052877,201708
1503196200000,4112.03,4112.03,4112.03,4112.03,0.0,0.0,0,0.0,0.0,201708
1503196500000,4082.62,4124.69,4082.62,4124.69,0.456389,1863.91027441,5,0.015389,63.47485441,201708
1503196800000,4124.69,4124.69,4124.69,4124.69,0.002627,10.83556063,1,0.002627,10.83556063,201708
1503197100000,4124.69,4124.69,4124.69,4124.69,0.010916,45.02511604,2,0.010916,45.02511604,201708
1503197400000,4124.67,4124.69,4124.67,4124.69,1.0,4124.68022,2,1.0,4124.68022,201708
1503197700000,4124.69,4124.69,4124.69,4124.69,0.0,0.0,0,0.0,0.0,201708
1503198000000,4124.69,4124.69,4124.69,4124.69,0.0,0.0,0,0.0,0.0,201708
1503198300000,4124.69,4124.69,4124.69,4124.69,0.0,0.0,0,0.0,0.0,201708
1503198600000,4124.69,4124.69,4124.69,4124.69,0.0,0.0,0,0.0,0.0,201708
1503198900000,4124.69,4124.69,4124.69,4124.69,0.0,0.0,0,0.0,0.0,201708
1503199200000,4111.26,4111.26,4111.26,4111.26,0.3,1233.378,1,0.3,1233.378,201708
1503199500000,4111.26,4111.26,4111.26,4111.26,0.0,0.0,0,0.0,0.0,201708
1503199800000,4111.26,4111.26,4111.26,4111.26,0.0,0.0,0,0.0,0.0,201708
1503200100000,4111.26,4111.26,4111.26,4111.26,0.0,0.0,0,0.0,0.0,201708
1503200400000,4111.26,4111.26,4111.26,4111.26,0.0,0.0,0,0.0,0.0,201708
1503200700000,4111.26,4111.26,4111.26,4111.26,0.00246,10.1136996,1,0.00246,10.1136996,201708
1503201000000,4111.26,4111.26,4111.26,4111.26,0.0,0.0,0,0.0,0.0,201708
1503201300000,4094.62,4094.62,4094.62,4094.62,0.045187,185.02359394,1,0.045187,185.02359394,201708
1503201600000,4094.62,4094.62,4094.62,4094.62,0.0,0.0,0,0.0,0.0,201708
1503201900000,4094.62,4094.62,4094.62,4094.62,0.0,0.0,0,0.0,0.0,201708
1503202200000,4094.62,4094.62,4094.62,4094.62,0.0,0.0,0,0.0,0.0,201708
1503202500000,4094.62,4094.62,4094.62,4094.62,0.0,0.0,0,0.0,0.0,201708
1503202800000,4094.62,4094.62,4094.62,4094.62,0.07525,308.120155,5,0.07525,308.120155,201708
1503203100000,4094.62,4094.62,4094.62,4094.62,0.129207,529.05356634,9,0.129207,529.05356634,201708
1503203400000,4094.62,4094.62,4094.62,4094.62,0.264175,1081.6962385,16,0.264175,1081.6962385,201708
1503203700000,4094.61,4094.61,4094.61,4094.61,0.160001,655.14169461,2,0.160001,655.14169461,201708
1503204000000,4091.8,4094.62,4091.8,4094.62,0.114537,468.9278727,2,0.114537,468.9278727,201708
1503204300000,4094.62,4094.62,4094.62,4094.62,0.016054,65.73502948,2,0.016054,65.73502948,201708
1503204600000,4094.62,4094.62,4094.62,4094.62,0.0,0.0,0,0.0,0.0,201708
1503204900000,4093.0,4093.0,4093.0,4093.0,0.050019,204.727767,1,0.050019,204.727767,201708
1503205200000,4093.0,4093.0,4093.0,4093.0,0.0,0.0,0,0.0,0.0,201708
1503205500000,4087.0,4094.62,4087.0,4094.62,4.657812,19042.2965808,18,4.546427,18587.0660858,201708
1503205800000,4094.62,4127.22,4094.62,4127.22,1.530162,6280.47056813,16,1.453531,5966.49746821,201708
1503206100000,4122.43,4142.16,4122.43,4142.16,3.320693,13721.59292117,16,2.676492,11057.65969077,201708
1503206400000,4142.16,4142.16,4125.02,4125.02,0.076229,315.6256901,2,0.068818,285.05516688,201708
1503206700000,4142.16,4142.16,4125.01,4142.16,0.37003,1529.5164148,7,0.303669,1254.63853504,201708
1503207000000,4142.16,4142.16,4095.39,4095.39,0.787709,3231.60861144,9,0.017709,73.35351144,201708
1503207300000,4095.39,4095.39,4095.39,4095.39,0.0,0.0,0,0.0,0.0,201708
1503207600000,4095.39,4095.39,4095.39,4095.39,0.0,0.0,0,0.0,0.0,201708
1503207900000,4095.39,4095.39,4095.39,4095.39,0.0,0.0,0,0.0,0.0,201708
1503208200000,4095.39,4095.39,4095.39,4095.39,0.0,0.0,0,0.0,0.0,201708
1503208500000,4117.41,4117.41,4117.41,4117.41,0.000421,1.73342961,1,0.000421,1.73342961,201708
1503208800000,4117.41,4117.41,4117.41,4117.41,0.003063,12.61162683,1,0.003063,12.61162683,201708
1503209100000,4117.41,4117.41,4117.41,4117.41,0.0,0.0,0,0.0,0.0,201708
1503209400000,4117.41,4117.41,4117.41,4117.41,0.0,0.0,0,0.0,0.0,201708
1503209700000,4093.57,4093.57,4093.57,4093.57,0.488,1997.66216,5,0.068,278.36276,201708
1503210000000,4093.57,4093.57,4093.57,4093.57,0.0,0.0,0,0.0,0.0,201708
1503210300000,4093.57,4093.57,4087.38,4093.57,1.174605,4807.17644985,14,1.174605,4807.17644985,201708
1503210600000,4093.57,4093.57,4093.57,4093.57,0.098,401.16986,3,0.098,401.16986,201708
1503210900000,4093.57,4117.41,4081.19,4117.41,0.604728,2475.51831896,8,0.484728,1985.77551896,201708
1503211200000,4081.4,4115.41,4081.4,4115.41,0.063915,262.66232015,3,0.052915,217.76692015,201708
1503211500000,4115.41,4115.41,4115.41,4115.41,0.032476,133.65205516,4,0.032476,133.65205516,201708
1503211800000,4115.41,4115.41,4115.41,4115.41,0.44,1810.7804,1,0.44,1810.7804,201708
1503212100000,4115.41,4115.41,4115.41,4115.41,0.010764,44.29827324,4,0.010764,44.29827324,201708
1503212400000,4115.41,4115.41,4115.41,4115.41,0.0,0.0,0,0.0,0.0,201708
1503212700000,4115.41,4115.41,4115.41,4115.41,0.0,0.0,0,0.0,0.0,201708
1503213000000,4081.4,4081.4,4081.4,4081.4,0.021,85.7094,1,0.0,0.0,201708
1503213300000,4099.4,4117.41,4099.4,4115.41,0.174914,718.02977074,5,0.174914,718.02977074,201708
1503213600000,4101.73,4109.41,4100.41,4100.41,0.164807,675.92879399,8,0.064807,265.88779399,201708
1503213900000,4094.06,4109.41,4094.06,4109.41,2.671475,10958.24403275,21,2.046059,8395.87964219,201708
1503214200000,4108.33,4108.33,4081.41,4108.33,4.454254,18253.17979716,34,1.867252,7656.56014193,201708
1503214500000,4108.33,4143.73,4100.54,4143.73,2.385228,9834.5630764,15,1.0784,4462.08898412,201708
1503214800000,4143.73,4143.73,4143.73,4143.73,2.184812,9053.27102876,18,2.184812,9053.27102876,201708
1503215100000,4143.73,4156.56,4096.46,4118.33,2.016002,8315.25743963,20,0.453414,1880.37018825,201708
1503215400000,4156.55,4156.55,4118.33,4156.55,0.039568,163.4726504,3,0.013568,56.3960704,201708
1503215700000,4155.87,4155.87,4155.87,4155.87,0.024,99.74088,1,0.024,99.74088,201708
1503216000000,4155.87,4155.87,4155.87,4155.87,0.0,0.0,0,0.0,0.0,201708
1503216300000,4155.87,4155.88,4116.8,4118.33,2.248646,9287.50929545,24,0.552084,2284.83766547,201708
1503216600000,4137.09,4155.87,4137.09,4155.87,0.160042,663.71219514,4,0.115412,479.07386844,201708
1503216900000,4116.88,4116.88,4076.15,4076.15,2.106436,8618.1503084,26,0.226434,925.4556491,201708
1503217200000,4069.91,4077.9,4032.62,4077.9,2.836648,11518.929185,33,0.728673,2961.66424912,201708
1503217500000,4081.4,4184.68,4081.4,4184.68,2.856295,11855.79271728,19,1.748829,7257.88965548,201708
1503217800000,4169.89,4211.08,4169.89,4174.64,6.137754,25788.36090689,21,3.590498,15079.00310041,201708
1503218100000,4174.64,4174.64,4174.64,4174.64,0.067222,280.62765008,1,0.067222,280.62765008,201708
1503218400000,4159.0,4188.96,4149.34,4188.96,0.840451,3495.14497928,9,0.363281,1514.51160928,201708
1503218700000,4188.96,4199.32,4188.96,4199.32,0.111684,468.591955,3,0.111684,468.591955,201708
1503219000000,4184.73,4184.73,4184.73,4184.73,0.022014,92.12264622,1,0.022014,92.12264622,201708
1503219300000,4184.73,4184.73,4184.73,4184.73,0.008324,34.83369252,1,0.008324,34.83369252,201708
1503219600000,4184.73,4184.73,4184.73,4184.73,0.0,0.0,0,0.0,0.0,201708
1503219900000,4155.0,4158.61,4155.0,4158.61,0.211451,878.95958311,2,0.105451,438.52958311,201708
1503220200000,4155.0,4155.0,4155.0,4155.0,0.117858,489.69999,2,0.000938,3.89739,201708
1503220500000,4155.0,4155.0,4155.0,4155.0,0.0,0.0,0,0.0,0.0,201708
1503220800000,4155.0,4155.0,4155.0,4155.0,0.0,0.0,0,0.0,0.0,201708
1503221100000,4155.0,4155.0,4155.0,4155.0,0.0,0.0,0,0.0,0.0,201708
1503221400000,4155.0,4155.0,4155.0,4155.0,0.0,0.0,0,0.0,0.0,201708
1503221700000,4155.0,4155.0,4155.0,4155.0,0.003099,12.876345,2,0.003099,12.876345,201708
1503222000000,4155.0,4155.0,4155.0,4155.0,0.004894,20.33457,1,0.004894,20.33457,201708
1503222300000,4155.0,4155.0,4155.0,4155.0,0.053488,222.24264,1,0.053488,222.24264,201708
1503222600000,4155.0,4155.0,4155.0,4155.0,0.00509,21.14895,1,0.00509,21.14895,201708
1503222900000,4155.0,4155.0,4155.0,4155.0,0.0,0.0,0,0.0,0.0,201708
1503223200000,4155.0,4155.0,4155.0,4155.0,0.0,0.0,0,0.0,0.0,201708
1503223500000,4155.0,4155.0,4155.0,4155.0,0.0,0.0,0,0.0,0.0,201708
1503223800000,4155.0,4155.0,4155.0,4155.0,0.0,0.0,0,0.0,0.0,201708
1503224100000,4155.0,4155.0,4155.0,4155.0,0.0,0.0,0,0.0,0.0,201708
1503224400000,4155.0,4155.0,4155.0,4155.0,0.0,0.0,0,0.0,0.0,201708
1503224700000,4155.0,4155.0,4155.0,4155.0,0.0,0.0,0,0.0,0.0,201708
1503225000000,4140.0,4140.0,4140.0,4140.0,0.478191,1979.71074,4,0.0,0.0,201708
1503225300000,4124.92,4142.41,4124.92,4142.41,0.313349,1295.62183616,4,0.202185,835.40287616,201708
1503225600000,4109.84,4142.41,4109.84,4142.41,0.148961,613.08399601,2,0.026961,111.68351601,201708
1503225900000,4142.41,4142.41,4142.41,4142.41,0.006543,27.10378863,1,0.006543,27.10378863,201708
1503226200000,4142.41,4142.41,4142.41,4142.41,0.0,0.0,0,0.0,0.0,201708
1503226500000,4142.41,4142.41,4142.41,4142.41,0.0,0.0,0,0.0,0.0,201708
1503226800000,4104.68,4111.0,4097.68,4111.0,1.330417,5463.262287,11,1.195461,4908.458171,201708
1503227100000,4125.44,4125.44,4084.36,4125.44,0.620532,2548.09952208,4,0.331632,1368.12791808,201708
1503227400000,4125.44,4125.44,4125.44,4125.44,0.095144,392.51086336,2,0.095144,392.51086336,201708
1503227700000,4080.0,4104.35,4080.0,4104.35,0.131483,538.36973655,5,0.078813,323.47613655,201708
1503228000000,4125.44,4125.44,4125.44,4125.44,0.008794,36.27911936,1,0.008794,36.27911936,201708
1503228300000,4125.44,4125.44,4125.44,4125.44,0.033609,138.65191296,2,0.033609,138.65191296,201708
1503228600000,4080.01,4108.37,4080.0,4108.0,4.774663,19512.35635546,18,1.344885,5518.32461149,201708
1503228900000,4108.0,4108.0,4108.0,4108.0,1.087537,4467.601996,10,1.087537,4467.601996,201708
1503229200000,4089.35,4108.0,4089.35,4091.87,5.252693,21505.05067847,18,4.846186,19835.12061544,201708
1503229500000,4091.87,4108.0,4091.87,4100.0,0.745581,3055.10414039,12,0.745581,3055.10414039,201708
1503229800000,4090.05,4106.53,4090.05,4106.53,0.817649,3351.29313669,11,0.436649,1789.85607669,201708
1503230100000,4098.26,4106.53,4091.09,4106.53,2.383401,9768.87548853,12,2.11166,8655.21021787,201708
1503230400000,4106.53,4106.53,4088.09,4106.53,1.178468,4826.4959434,13,0.926686,3797.18846702,201708
1503230700000,4088.09,4125.43,4088.09,4125.43,0.70891,2910.8336113,9,0.252684,1042.17721296,201708
1503231000000,4125.43,4125.43,4125.43,4125.43,0.0,0.0,0,0.0,0.0,201708
1503231300000,4111.66,4111.66,4111.66,4111.66,0.005089,20.92423774,2,0.005089,20.92423774,201708
1503231600000,4096.33,4096.33,4096.33,4096.33,0.000476,1.94985308,1,0.000476,1.94985308,201708
1503231900000,4080.0,4080.0,4080.0,4080.0,0.015,61.2,1,0.0,0.0,201708
1503232200000,4080.0,4080.0,4080.0,4080.0,0.251678,1026.84624,7,0.198218,808.72944,201708
1503232500000,4096.33,4096.33,4096.33,4096.33,0.212305,869.67134065,5,0.086031,352.41136623,201708
1503232800000,4103.99,4125.43,4096.33,4096.33,0.326234,1342.58870931,5,0.104359,430.52574937,201708
1503233100000,4125.0,4125.0,4108.68,4108.68,0.020736,85.23396576,2,0.018507,76.03934076,201708
1503233400000,4125.43,4125.43,4125.43,4125.43,0.007016,28.94401688,1,0.007016,28.94401688,201708
1503233700000,4125.43,4125.43,4108.47,4108.47,0.039928,164.62127528,2,0.039928,164.62127528,201708
1503234000000,4108.47,4108.47,4108.47,4108.47,0.0,0.0,0,0.0,0.0,201708
1503234300000,4108.47,4108.47,4108.47,4108.47,0.0,0.0,0,0.0,0.0,201708
1503234600000,4125.0,4125.0,4125.0,4125.0,0.012544,51.744,1,0.012544,51.744,201708
1503234900000,4125.0,4125.0,4125.0,4125.0,0.000243,1.002375,1,0.000243,1.002375,201708
1503235200000,4125.0,4125.0,4125.0,4125.0,0.0,0.0,0,0.0,0.0,201708
1503235500000,4125.0,4125.0,4125.0,4125.0,0.0,0.0,0,0.0,0.0,201708
1503235800000,4125.0,4125.0,4125.0,4125.0,0.0,0.0,0,0.0,0.0,201708
1503236100000,4114.4,4114.4,4114.4,4114.4,0.000442,1.8185648,1,0.000442,1.8185648,201708
1503236400000,4114.4,4114.4,4114.4,4114.4,0.0,0.0,0,0.0,0.0,201708
1503236700000,4114.4,4114.4,4114.4,4114.4,0.0,0.0,0,0.0,0.0,201708
1503237000000,4114.4,4114.4,4114.4,4114.4,0.0,0.0,0,0.0,0.0,201708
1503237300000,4077.55,4077.55,4063.35,4063.35,1.244933,5060.01850555,2,0.0,0.0,201708
1503237600000,4063.35,4063.35,4063.35,4063.35,0.0,0.0,0,0.0,0.0,201708
1503237900000,4063.35,4063.35,4063.35,4063.35,0.0,0.0,0,0.0,0.0,201708
1503238200000,4096.32,4096.32,4079.84,4079.84,1.275043,5222.33023184,3,1.275043,5222.33023184,201708
1503238500000,4079.84,4096.32,4079.84,4096.32,0.022864,93.35835744,2,0.022864,93.35835744,201708
1503238800000,4096.0,4096.0,4079.84,4079.84,0.069363,283.40040592,5,0.033347,136.05042448,201708
1503239100000,4096.32,4096.32,4096.32,4096.32,0.043672,178.89448704,1,0.043672,178.89448704,201708
1503239400000,4096.32,4096.32,4068.5,4068.5,0.046773,190.64795696,2,0.012653,51.83073696,201708
1503239700000,4096.32,4096.32,4096.32,4096.32,0.007935,32.5042992,1,0.007935,32.5042992,201708
1503240000000,4096.32,4096.32,4096.32,4096.32,0.0,0.0,0,0.0,0.0,201708
1503240300000,4096.32,4096.32,4096.32,4096.32,0.0,0.0,0,0.0,0.0,201708
1503240600000,4096.32,4096.32,4096.32,4096.32,0.0,0.0,0,0.0,0.0,201708
1503240900000,4096.32,4096.32,4096.32,4096.32,0.0,0.0,0,0.0,0.0,201708
1503241200000,4096.32,4096.32,4096.32,4096.32,0.0,0.0,0,0.0,0.0,201708
1503241500000,4100.0,4100.0,4100.0,4100.0,1.390481,5700.9721,2,0.0,0.0,201708
1503241800000,4100.0,4100.0,4100.0,4100.0,0.0,0.0,0,0.0,0.0,201708
1503242100000,4100.0,4100.0,4100.0,4100.0,0.0,0.0,0,0.0,0.0,201708
